indvdID,plotID,siteID,plotEasting,plotNorthing,utmZone
MLBSE00048,MLBS_1.tif,MLBS,541888.961,4136584.517,17N
MLBSE00049,MLBS_1.tif,MLBS,541877.8882,4136586.898,17N
MLBSE00045,MLBS_12.tif,MLBS,541990.9711,4136502.655,17N
MLBSE00078,MLBS_13.tif,MLBS,541993.1984,4136194.817,17N
MLBSE00084,MLBS_13.tif,MLBS,541993.7226,4136185.182,17N
MLBSE00006,MLBS_14.tif,MLBS,541983.3822,4136177.388,17N
MLBSE00007,MLBS_14.tif,MLBS,541985.102,4136171.534,17N
MLBSE00077,MLBS_14.tif,MLBS,541990.4389,4136170.558,17N
MLBSE00001,MLBS_15.tif,MLBS,541978.2136,4136082.736,17N
MLBSE00082,MLBS_15.tif,MLBS,541983.548,4136086.65,17N
MLBSE00002,MLBS_17.tif,MLBS,542006.6523,4136082.455,17N
MLBSE00037,MLBS_18.tif,MLBS,542027.9703,4136778.009,17N
MLBSE00038,MLBS_19.tif,MLBS,542028.0629,4136741.682,17N
MLBSE00004,MLBS_2.tif,MLBS,541948.9797,4136156.082,17N
MLBSE00081,MLBS_2.tif,MLBS,541950.9496,4136152.179,17N
MLBSE00040,MLBS_20.tif,MLBS,542032.3954,4136613.141,17N
MLBSE00105,MLBS_20.tif,MLBS,542029.1477,4136623.34,17N
MLBSE00106,MLBS_20.tif,MLBS,542039.1092,4136616.712,17N
MLBSE00052,MLBS_21.tif,MLBS,542048.5712,4136387.998,17N
MLBSE00053,MLBS_21.tif,MLBS,542053.81,4136385.735,17N
MLBSE00118,MLBS_21.tif,MLBS,542053.6677,4136390.399,17N
MLBSE00119,MLBS_21.tif,MLBS,542056.4558,4136394.844,17N
MLBSE00051,MLBS_22.tif,MLBS,541887.4264,4136555.631,17N
MLBSE00056,MLBS_23.tif,MLBS,542078.8475,4136402.583,17N
MLBSE00057,MLBS_23.tif,MLBS,542072.383,4136398.087,17N
MLBSE00054,MLBS_24.tif,MLBS,542087.3724,4136389.036,17N
MLBSE00055,MLBS_24.tif,MLBS,542081.3796,4136386.747,17N
MLBSE00010,MLBS_26.tif,MLBS,542076.9682,4136208.082,17N
MLBSE00147,MLBS_29.tif,MLBS,542105.8105,4136273.907,17N
MLBSE00041,MLBS_3.tif,MLBS,541982.9601,4136547.922,17N
MLBSE00109,MLBS_3.tif,MLBS,541983.271,4136541.291,17N
MLBSE00145,MLBS_31.tif,MLBS,542117.6175,4136221.168,17N
MLBSE00142,MLBS_32.tif,MLBS,542097.4783,4136184.742,17N
MLBSE00143,MLBS_32.tif,MLBS,542103.1646,4136188.81,17N
MLBSE00011,MLBS_37.tif,MLBS,542120.6443,4136183.343,17N
MLBSE00012,MLBS_37.tif,MLBS,542130.8384,4136180.645,17N
MLBSE00032,MLBS_38.tif,MLBS,542170.5496,4136940.375,17N
MLBSE00128,MLBS_38.tif,MLBS,542172.2679,4136935.405,17N
MLBSE00031,MLBS_39.tif,MLBS,542162.8304,4136836.427,17N
MLBSE00089,MLBS_40.tif,MLBS,542225.3828,4136841.245,17N
MLBSE00030,MLBS_41.tif,MLBS,542262.2063,4136955.229,17N
MLBSE00125,MLBS_41.tif,MLBS,542254.8232,4136967.529,17N
MLBSE00126,MLBS_41.tif,MLBS,542260.1858,4136963.634,17N
MLBSE00026,MLBS_42.tif,MLBS,542271.2866,4136992.079,17N
MLBSE00027,MLBS_42.tif,MLBS,542264.3019,4136996.018,17N
MLBSE00086,MLBS_43.tif,MLBS,541909.1172,4136571.56,17N
MLBSE00117,MLBS_43.tif,MLBS,541902.9972,4136576.659,17N
MLBSE00127,MLBS_45.tif,MLBS,542270.3624,4136901.194,17N
MLBSE00028,MLBS_47.tif,MLBS,542289.6525,4136907.944,17N
MLBSE00029,MLBS_48.tif,MLBS,542289.0969,4136896.077,17N
MLBSE00008,MLBS_5.tif,MLBS,541976.5098,4136224.638,17N
MLBSE00080,MLBS_5.tif,MLBS,541970.4495,4136223.69,17N
MLBSE00033,MLBS_50.tif,MLBS,542318.1398,4137119.128,17N
MLBSE00025,MLBS_51.tif,MLBS,542308.6466,4137109.916,17N
MLBSE00097,MLBS_51.tif,MLBS,542315.5738,4137103.06,17N
MLBSE00036,MLBS_53.tif,MLBS,542324.9361,4137127.59,17N
MLBSE00096,MLBS_53.tif,MLBS,542329.0676,4137118.221,17N
MLBSE00022,MLBS_55.tif,MLBS,542356.6311,4137167.323,17N
MLBSE00095,MLBS_55.tif,MLBS,542356.65,4137161.115,17N
MLBSE00102,MLBS_56.tif,MLBS,542346.9601,4137121.729,17N
MLBSE00103,MLBS_56.tif,MLBS,542344.8765,4137125.728,17N
MLBSE00074,MLBS_6.tif,MLBS,541970.0272,4136204.81,17N
MLBSE00079,MLBS_6.tif,MLBS,541969.5764,4136209.117,17N
MLBSE00135,MLBS_6.tif,MLBS,541963.0495,4136213.075,17N
MLBSE00005,MLBS_7.tif,MLBS,541977.2306,4136172.195,17N
MLBSE00075,MLBS_7.tif,MLBS,541974.0392,4136175.723,17N
MLBSE00076,MLBS_7.tif,MLBS,541978.3343,4136181.842,17N
MLBSE00137,MLBS_8.tif,MLBS,541966.7003,4136160.622,17N
MLBSE00138,MLBS_8.tif,MLBS,541972.7858,4136165.616,17N
MLBSE00003,MLBS_9.tif,MLBS,541967.6262,4136142.621,17N
MLBSE00085,MLBS_9.tif,MLBS,541961.3508,4136143.516,17N
OSBSE00692,OSBS_103.tif,OSBS,403593.9944,3285215.585,17N
OSBSE00693,OSBS_103.tif,OSBS,403584.05,3285205.015,17N
OSBSE00695,OSBS_103.tif,OSBS,403585.8648,3285212.005,17N
OSBSE00690,OSBS_105.tif,OSBS,403615.0319,3285154.064,17N
OSBSE00691,OSBS_105.tif,OSBS,403607.0206,3285155.289,17N
OSBSE00341,OSBS_106.tif,OSBS,403608.2849,3284601.16,17N
OSBSE00342,OSBS_106.tif,OSBS,403599.4114,3284606.094,17N
OSBSE00351,OSBS_107.tif,OSBS,403594.4261,3284597.539,17N
OSBSE00403,OSBS_107.tif,OSBS,403594.2989,3284604.62,17N
OSBSE00404,OSBS_107.tif,OSBS,403587.9476,3284599.573,17N
OSBSE00347,OSBS_108.tif,OSBS,403607.5071,3284553.005,17N
OSBSE00349,OSBS_108.tif,OSBS,403597.8746,3284554.483,17N
OSBSE00350,OSBS_108.tif,OSBS,403605.7381,3284548.534,17N
OSBSE00344,OSBS_109.tif,OSBS,403625.0381,3284609.878,17N
OSBSE00343,OSBS_111.tif,OSBS,403626.5569,3284588.15,17N
OSBSE00345,OSBS_111.tif,OSBS,403631.9369,3284575.399,17N
OSBSE00346,OSBS_111.tif,OSBS,403630.4371,3284581.745,17N
OSBSE00348,OSBS_111.tif,OSBS,403629.2801,3284572.049,17N
OSBSE00393,OSBS_112.tif,OSBS,403649.2512,3284423.373,17N
OSBSE00396,OSBS_112.tif,OSBS,403645.6601,3284418.137,17N
OSBSE00391,OSBS_113.tif,OSBS,403664.6952,3284430.286,17N
OSBSE00392,OSBS_113.tif,OSBS,403666.6373,3284427.274,17N
OSBSE00394,OSBS_113.tif,OSBS,403656.7112,3284421.66,17N
OSBSE00398,OSBS_114.tif,OSBS,403679.6798,3284418.544,17N
OSBSE00399,OSBS_115.tif,OSBS,403689.2154,3284381.394,17N
OSBSE00400,OSBS_115.tif,OSBS,403692.4371,3284386.548,17N
OSBSE00402,OSBS_115.tif,OSBS,403687.4423,3284377.576,17N
OSBSE00401,OSBS_116.tif,OSBS,403687.9772,3284366.501,17N
OSBSE00395,OSBS_117.tif,OSBS,403693.6701,3284411.401,17N
OSBSE00397,OSBS_117.tif,OSBS,403697.2109,3284421.282,17N
OSBSE00686,OSBS_119.tif,OSBS,403612.4317,3285035.351,17N
OSBSE00689,OSBS_119.tif,OSBS,403613.5442,3285031.986,17N
OSBSE00387,OSBS_120.tif,OSBS,403748.5145,3284471.451,17N
OSBSE00389,OSBS_120.tif,OSBS,403758.4508,3284479.636,17N
OSBSE00390,OSBS_120.tif,OSBS,403759.3015,3284475.092,17N
OSBSE00377,OSBS_121.tif,OSBS,403746.0418,3284438.536,17N
OSBSE00124,OSBS_122.tif,OSBS,403762.08,3286535.642,17N
OSBSE00126,OSBS_123.tif,OSBS,403759.95,3286521.062,17N
OSBSE00680,OSBS_125.tif,OSBS,403625.8554,3285058.036,17N
OSBSE00682,OSBS_125.tif,OSBS,403629.8868,3285048.435,17N
OSBSE00683,OSBS_125.tif,OSBS,403630.5681,3285059.147,17N
OSBSE00684,OSBS_126.tif,OSBS,403624.3571,3285041.42,17N
OSBSE00685,OSBS_126.tif,OSBS,403629.1376,3285039.994,17N
OSBSE00687,OSBS_126.tif,OSBS,403621.1894,3285031.654,17N
OSBSE00381,OSBS_127.tif,OSBS,403772.4675,3284485.038,17N
OSBSE00384,OSBS_127.tif,OSBS,403775.7145,3284489.225,17N
OSBSE00127,OSBS_130.tif,OSBS,403787.5252,3286551.22,17N
OSBSE00332,OSBS_131.tif,OSBS,403810.0718,3286817.174,17N
OSBSE00129,OSBS_132.tif,OSBS,403791.917,3286488.488,17N
OSBSE00379,OSBS_133.tif,OSBS,403814.9112,3284464.311,17N
OSBSE00382,OSBS_133.tif,OSBS,403811.962,3284461.524,17N
OSBSE00383,OSBS_133.tif,OSBS,403803.8508,3284461.007,17N
OSBSE00077,OSBS_134.tif,OSBS,403823.3877,3286454.421,17N
OSBSE00079,OSBS_138.tif,OSBS,403895.586,3287129.028,17N
OSBSE00078,OSBS_139.tif,OSBS,403918.6568,3286894.871,17N
OSBSE00123,OSBS_140.tif,OSBS,403935.0199,3286494.735,17N
OSBSE00064,OSBS_142.tif,OSBS,403980.6068,3286398.502,17N
OSBSE00069,OSBS_142.tif,OSBS,403976.0447,3286391.929,17N
OSBSE00004,OSBS_15.tif,OSBS,401566.9934,3285928.488,17N
OSBSE00005,OSBS_15.tif,OSBS,401579.634,3285924.472,17N
OSBSE00308,OSBS_154.tif,OSBS,404011.7102,3286420.059,17N
OSBSE00084,OSBS_156.tif,OSBS,404011.56,3286389.994,17N
OSBSE00708,OSBS_160.tif,OSBS,404014.236,3285098.658,17N
OSBSE00710,OSBS_161.tif,OSBS,404012.552,3285041.701,17N
OSBSE00060,OSBS_162.tif,OSBS,404039.1138,3286520.718,17N
OSBSE00061,OSBS_163.tif,OSBS,404040.0555,3286507.202,17N
OSBSE00492,OSBS_167.tif,OSBS,404049.9674,3286370.652,17N
OSBSE00709,OSBS_169.tif,OSBS,404036.4175,3285214.963,17N
OSBSE00619,OSBS_17.tif,OSBS,401558.5827,3285857.271,17N
OSBSE00649,OSBS_170.tif,OSBS,404042.0956,3285057.086,17N
OSBSE00612,OSBS_171.tif,OSBS,404044.6646,3284952.63,17N
OSBSE00614,OSBS_171.tif,OSBS,404050.1187,3284936.364,17N
OSBSE00615,OSBS_171.tif,OSBS,404047.1598,3284944.864,17N
OSBSE00663,OSBS_174.tif,OSBS,404053.6875,3286403.183,17N
OSBSE00087,OSBS_176.tif,OSBS,404063.2464,3286342.009,17N
OSBSE00081,OSBS_177.tif,OSBS,404072.3366,3286530.733,17N
OSBSE00141,OSBS_178.tif,OSBS,404088.7085,3286522.707,17N
OSBSE00223,OSBS_18.tif,OSBS,401588.2776,3285902.868,17N
OSBSE00427,OSBS_181.tif,OSBS,404083.7006,3284864.001,17N
OSBSE00428,OSBS_181.tif,OSBS,404080.6695,3284864.19,17N
OSBSE00429,OSBS_181.tif,OSBS,404089.5235,3284862.179,17N
OSBSE00430,OSBS_181.tif,OSBS,404086.2242,3284862.657,17N
OSBSE00432,OSBS_181.tif,OSBS,404087.9472,3284851.798,17N
OSBSE00610,OSBS_183.tif,OSBS,404088.9061,3284721.385,17N
OSBSE00648,OSBS_193.tif,OSBS,404130.5228,3285189.848,17N
OSBSE00651,OSBS_193.tif,OSBS,404129.6183,3285183.214,17N
OSBSE00375,OSBS_194.tif,OSBS,404109.1179,3284829.112,17N
OSBSE00376,OSBS_194.tif,OSBS,404123.2839,3284826.702,17N
OSBSE00434,OSBS_199.tif,OSBS,404139.4557,3284839.181,17N
OSBSE00405,OSBS_206.tif,OSBS,404149.3983,3284983.706,17N
OSBSE00407,OSBS_206.tif,OSBS,404161.3901,3284971.545,17N
OSBSE00410,OSBS_206.tif,OSBS,404162.1768,3284979.646,17N
OSBSE00094,OSBS_208.tif,OSBS,404193.1732,3286343.402,17N
OSBSE00058,OSBS_209.tif,OSBS,404189.3773,3286314.592,17N
OSBSE00419,OSBS_211.tif,OSBS,404182.5776,3285025.732,17N
OSBSE00421,OSBS_211.tif,OSBS,404169.8756,3285031.73,17N
OSBSE00422,OSBS_211.tif,OSBS,404174.0259,3285027.324,17N
OSBSE00424,OSBS_211.tif,OSBS,404175.9646,3285033.153,17N
OSBSE00409,OSBS_212.tif,OSBS,404180.5868,3284974.273,17N
OSBSE00411,OSBS_212.tif,OSBS,404171.6092,3284977.724,17N
OSBSE00412,OSBS_212.tif,OSBS,404172.619,3284971.367,17N
OSBSE00425,OSBS_212.tif,OSBS,404168.7667,3284967.196,17N
OSBSE00090,OSBS_213.tif,OSBS,404204.082,3286503.046,17N
OSBSE00654,OSBS_215.tif,OSBS,404203.4416,3285118.535,17N
OSBSE00657,OSBS_215.tif,OSBS,404205.3116,3285122.111,17N
OSBSE00417,OSBS_216.tif,OSBS,404194.1169,3285024.594,17N
OSBSE00420,OSBS_216.tif,OSBS,404192.5612,3285027.703,17N
OSBSE00415,OSBS_217.tif,OSBS,404199.4635,3285006.715,17N
OSBSE00416,OSBS_218.tif,OSBS,404203.8564,3284995.252,17N
OSBSE00414,OSBS_219.tif,OSBS,404204.775,3284971.215,17N
OSBSE00092,OSBS_220.tif,OSBS,404226.5958,3286498.936,17N
OSBSE00207,OSBS_222.tif,OSBS,404230.6718,3285824.848,17N
OSBSE00609,OSBS_224.tif,OSBS,404240.1126,3284742.107,17N
OSBSE00206,OSBS_228.tif,OSBS,404229.8484,3285790.48,17N
OSBSE00437,OSBS_231.tif,OSBS,404239.0619,3284849.532,17N
OSBSE00438,OSBS_231.tif,OSBS,404241.2952,3284836.871,17N
OSBSE00439,OSBS_231.tif,OSBS,404243.226,3284846.969,17N
OSBSE00440,OSBS_231.tif,OSBS,404242.072,3284850.65,17N
OSBSE00497,OSBS_231.tif,OSBS,404231.5672,3284845.584,17N
OSBSE00498,OSBS_231.tif,OSBS,404234.021,3284850.477,17N
OSBSE00499,OSBS_231.tif,OSBS,404238.2452,3284843.645,17N
OSBSE00500,OSBS_231.tif,OSBS,404234.1167,3284844.012,17N
OSBSE00463,OSBS_232.tif,OSBS,404241.5651,3284816.326,17N
OSBSE00465,OSBS_232.tif,OSBS,404234.3135,3284819.432,17N
OSBSE00466,OSBS_232.tif,OSBS,404234.9862,3284831.333,17N
OSBSE00468,OSBS_232.tif,OSBS,404233.2446,3284826.2,17N
OSBSE00205,OSBS_233.tif,OSBS,404267.0182,3285807.466,17N
OSBSE00208,OSBS_233.tif,OSBS,404260.1566,3285797.357,17N
OSBSE00194,OSBS_234.tif,OSBS,404273.1847,3285747.67,17N
OSBSE00661,OSBS_235.tif,OSBS,404251.8473,3285148.686,17N
OSBSE00656,OSBS_237.tif,OSBS,404254.2803,3285107.534,17N
OSBSE00659,OSBS_237.tif,OSBS,404253.1861,3285114.407,17N
OSBSE00442,OSBS_239.tif,OSBS,404258.8466,3284829.221,17N
OSBSE00461,OSBS_239.tif,OSBS,404246.6744,3284830.336,17N
OSBSE00464,OSBS_239.tif,OSBS,404246.9419,3284825.313,17N
OSBSE00165,OSBS_241.tif,OSBS,404273.4385,3285969.461,17N
OSBSE00451,OSBS_242.tif,OSBS,404267.0807,3284884.332,17N
OSBSE00452,OSBS_242.tif,OSBS,404263.4964,3284883.864,17N
OSBSE00455,OSBS_242.tif,OSBS,404268.1366,3284879.163,17N
OSBSE00457,OSBS_242.tif,OSBS,404266.5531,3284872.661,17N
OSBSE00458,OSBS_242.tif,OSBS,404270.5324,3284874.467,17N
OSBSE00608,OSBS_243.tif,OSBS,404281.45,3284735.469,17N
OSBSE00611,OSBS_243.tif,OSBS,404293.0775,3284729.105,17N
OSBSE00201,OSBS_245.tif,OSBS,404296.2598,3285827.953,17N
OSBSE00459,OSBS_246.tif,OSBS,404284.2664,3284874.806,17N
OSBSE00460,OSBS_246.tif,OSBS,404286.1301,3284879.252,17N
OSBSE00462,OSBS_246.tif,OSBS,404284.5759,3284868.243,17N
OSBSE00467,OSBS_247.tif,OSBS,404281.8124,3284848.823,17N
OSBSE00203,OSBS_248.tif,OSBS,404324.366,3285845.122,17N
OSBSE00652,OSBS_249.tif,OSBS,404316.1352,3285037.018,17N
OSBSE00653,OSBS_249.tif,OSBS,404308.749,3285034.609,17N
OSBSE00655,OSBS_249.tif,OSBS,404311.9386,3285024.286,17N
OSBSE00032,OSBS_25.tif,OSBS,402388.274,3286195.001,17N
OSBSE00196,OSBS_252.tif,OSBS,404350.9027,3285729.813,17N
OSBSE00146,OSBS_255.tif,OSBS,404389.5255,3285979.844,17N
OSBSE00147,OSBS_257.tif,OSBS,404397.984,3286016.448,17N
OSBSE00106,OSBS_258.tif,OSBS,404393.443,3285928.663,17N
OSBSE00197,OSBS_259.tif,OSBS,404386.4999,3285774.969,17N
OSBSE00200,OSBS_259.tif,OSBS,404393.1523,3285767.432,17N
OSBSE00670,OSBS_26.tif,OSBS,402403.0807,3286307.886,17N
OSBSE00671,OSBS_26.tif,OSBS,402395.7544,3286300.806,17N
OSBSE00150,OSBS_266.tif,OSBS,404499.4294,3285830.589,17N
OSBSE00509,OSBS_267.tif,OSBS,404525.012,3288344.309,17N
OSBSE00510,OSBS_267.tif,OSBS,404536.3631,3288347.738,17N
OSBSE00512,OSBS_268.tif,OSBS,404524.4313,3288318.709,17N
OSBSE00104,OSBS_270.tif,OSBS,404543.9481,3285821.274,17N
OSBSE00163,OSBS_272.tif,OSBS,404668.4618,3285762.489,17N
OSBSE00161,OSBS_273.tif,OSBS,404706.5085,3285893.485,17N
OSBSE00287,OSBS_277.tif,OSBS,404732.9564,3284469.525,17N
OSBSE00112,OSBS_278.tif,OSBS,404766.4242,3285775.572,17N
OSBSE00160,OSBS_280.tif,OSBS,404770.9927,3285810.041,17N
OSBSE00055,OSBS_283.tif,OSBS,404768.7826,3284432.444,17N
OSBSE00152,OSBS_284.tif,OSBS,404817.9504,3285851.884,17N
OSBSE00255,OSBS_289.tif,OSBS,404841.5631,3285835.638,17N
OSBSE00033,OSBS_29.tif,OSBS,402421.8778,3286414.437,17N
OSBSE00330,OSBS_291.tif,OSBS,404850.19,3285786.95,17N
OSBSE00156,OSBS_292.tif,OSBS,404858.9947,3285739.938,17N
OSBSE00159,OSBS_292.tif,OSBS,404853.8835,3285747.303,17N
OSBSE00517,OSBS_295.tif,OSBS,404858.6598,3284486.342,17N
OSBSE00518,OSBS_296.tif,OSBS,404864.5404,3284473.863,17N
OSBSE00028,OSBS_30.tif,OSBS,402423.8365,3286213.862,17N
OSBSE00102,OSBS_300.tif,OSBS,404878.4168,3284850.443,17N
OSBSE00098,OSBS_301.tif,OSBS,404882.7039,3284558.941,17N
OSBSE00520,OSBS_302.tif,OSBS,404879.5933,3284489.644,17N
OSBSE00285,OSBS_303.tif,OSBS,404877.1558,3284433.369,17N
OSBSE00604,OSBS_304.tif,OSBS,404886.5428,3284450.4,17N
OSBSE00097,OSBS_305.tif,OSBS,404923.2107,3284571.502,17N
OSBSE00605,OSBS_307.tif,OSBS,404902.694,3284476.788,17N
OSBSE00607,OSBS_308.tif,OSBS,404906.1878,3284460.529,17N
OSBSE00053,OSBS_309.tif,OSBS,404915.6889,3284433.971,17N
OSBSE00030,OSBS_31.tif,OSBS,402450.9531,3286296.116,17N
OSBSE00099,OSBS_310.tif,OSBS,404944.4594,3284523.958,17N
OSBSE00103,OSBS_312.tif,OSBS,404965.9217,3284803.822,17N
OSBSE00299,OSBS_313.tif,OSBS,404958.0472,3284480.926,17N
OSBSE00100,OSBS_314.tif,OSBS,405018.1399,3284728.197,17N
OSBSE00319,OSBS_316.tif,OSBS,405638.4452,3288389.963,17N
OSBSE00321,OSBS_316.tif,OSBS,405644.5836,3288388.481,17N
OSBSE00315,OSBS_318.tif,OSBS,405666.6939,3288346.056,17N
OSBSE00317,OSBS_319.tif,OSBS,405686.551,3288342.48,17N
OSBSE00232,OSBS_321.tif,OSBS,405678.1588,3288295.882,17N
OSBSE00323,OSBS_322.tif,OSBS,405690.0408,3288264.04,17N
OSBSE00326,OSBS_322.tif,OSBS,405683.0465,3288259.476,17N
OSBSE00307,OSBS_324.tif,OSBS,405912.8805,3287870.258,17N
OSBSE00313,OSBS_325.tif,OSBS,405968.6854,3287793.474,17N
OSBSE00309,OSBS_326.tif,OSBS,405972.0894,3287947.4,17N
OSBSE00281,OSBS_329.tif,OSBS,406101.7348,3287834.568,17N
OSBSE00282,OSBS_329.tif,OSBS,406100.1392,3287825.862,17N
OSBSE00280,OSBS_331.tif,OSBS,406117.0445,3287682.041,17N
OSBSE00597,OSBS_335.tif,OSBS,406245.6678,3287058.911,17N
OSBSE00038,OSBS_339.tif,OSBS,406319.9571,3287058.048,17N
OSBSE00075,OSBS_34.tif,OSBS,402431.9654,3286242.646,17N
OSBSE00527,OSBS_342.tif,OSBS,406371.7255,3283985.941,17N
OSBSE00530,OSBS_342.tif,OSBS,406379.6438,3283984.353,17N
OSBSE00529,OSBS_345.tif,OSBS,406378.3903,3283972.458,17N
OSBSE00531,OSBS_345.tif,OSBS,406383.4299,3283968.158,17N
OSBSE00168,OSBS_35.tif,OSBS,402431.7215,3283562.826,17N
OSBSE00003,OSBS_353.tif,OSBS,406335.5588,3287081.542,17N
OSBSE00303,OSBS_353.tif,OSBS,406342.0087,3287076.816,17N
OSBSE00304,OSBS_353.tif,OSBS,406330.9883,3287077.299,17N
OSBSE00016,OSBS_355.tif,OSBS,406454.4353,3284007.106,17N
OSBSE00018,OSBS_355.tif,OSBS,406460.887,3284017.362,17N
OSBSE00015,OSBS_357.tif,OSBS,406479.0533,3283984.548,17N
OSBSE00337,OSBS_362.tif,OSBS,406847.4497,3283742.157,17N
OSBSE00469,OSBS_363.tif,OSBS,406852.1725,3284854.897,17N
OSBSE00470,OSBS_364.tif,OSBS,406855.0109,3284842.411,17N
OSBSE00617,OSBS_365.tif,OSBS,406877.6504,3284865.246,17N
OSBSE00339,OSBS_366.tif,OSBS,406874.8949,3284814.538,17N
OSBSE00639,OSBS_368.tif,OSBS,407180.9662,3285461.402,17N
OSBSE00259,OSBS_37.tif,OSBS,402465.5196,3286263.477,17N
OSBSE00675,OSBS_370.tif,OSBS,407277.3202,3285132.184,17N
OSBSE00475,OSBS_373.tif,OSBS,407406.1369,3286389.409,17N
OSBSE00487,OSBS_374.tif,OSBS,407418.5485,3286332.381,17N
OSBSE00488,OSBS_374.tif,OSBS,407418.6081,3286340.175,17N
OSBSE00642,OSBS_376.tif,OSBS,407427.9582,3286373.511,17N
OSBSE00643,OSBS_376.tif,OSBS,407432.023,3286383.533,17N
OSBSE00645,OSBS_376.tif,OSBS,407438.0116,3286373.09,17N
OSBSE00473,OSBS_377.tif,OSBS,407432.4164,3286362.911,17N
OSBSE00474,OSBS_377.tif,OSBS,407432.925,3286360.354,17N
OSBSE00476,OSBS_377.tif,OSBS,407430.3717,3286362.947,17N
OSBSE00477,OSBS_378.tif,OSBS,407452.6846,3286384.764,17N
OSBSE00479,OSBS_378.tif,OSBS,407451.4403,3286388.128,17N
OSBSE00480,OSBS_378.tif,OSBS,407455.1636,3286390.674,17N
OSBSE00481,OSBS_378.tif,OSBS,407456.6413,3286377.715,17N
OSBSE00482,OSBS_378.tif,OSBS,407457.6467,3286384.738,17N
OSBSE00167,OSBS_38.tif,OSBS,402458.4445,3283532.252,17N
OSBSE00169,OSBS_38.tif,OSBS,402447.5436,3283538.867,17N
OSBSE00170,OSBS_38.tif,OSBS,402451.433,3283531.935,17N
OSBSE00483,OSBS_380.tif,OSBS,407469.1325,3286378.716,17N
OSBSE00484,OSBS_380.tif,OSBS,407467.627,3286386.064,17N
OSBSE00486,OSBS_380.tif,OSBS,407475.1291,3286375.7,17N
OSBSE00485,OSBS_381.tif,OSBS,407463.8729,3286354.362,17N
OSBSE00644,OSBS_381.tif,OSBS,407454.4404,3286354.733,17N
OSBSE00264,OSBS_382.tif,OSBS,407500.0669,3286290.982,17N
OSBSE00340,OSBS_382.tif,OSBS,407488.4933,3286293.369,17N
OSBSE00013,OSBS_384.tif,OSBS,407639.2037,3285461.859,17N
OSBSE00011,OSBS_386.tif,OSBS,407693.5851,3285549.385,17N
OSBSE00275,OSBS_387.tif,OSBS,407680.6644,3285423.846,17N
OSBSE00276,OSBS_387.tif,OSBS,407666.906,3285430.835,17N
OSBSE00312,OSBS_392.tif,OSBS,407696.7396,3285426.962,17N
OSBSE00239,OSBS_394.tif,OSBS,407713.5682,3285425.359,17N
OSBSE00229,OSBS_396.tif,OSBS,407714.783,3285375.375,17N
OSBSE00029,OSBS_40.tif,OSBS,402431.1829,3286307.629,17N
OSBSE00240,OSBS_400.tif,OSBS,407746.496,3285452.762,17N
OSBSE00019,OSBS_404.tif,OSBS,407937.1907,3284457.351,17N
OSBSE00632,OSBS_407.tif,OSBS,408362.3082,3285355.625,17N
OSBSE00677,OSBS_408.tif,OSBS,408411.7764,3283617.337,17N
OSBSE00266,OSBS_41.tif,OSBS,402500.571,3286360.032,17N
OSBSE00674,OSBS_410.tif,OSBS,408447.6332,3283639.659,17N
OSBSE00678,OSBS_411.tif,OSBS,408442.9703,3283609.97,17N
OSBSE00679,OSBS_411.tif,OSBS,408445.2709,3283617.432,17N
OSBSE00072,OSBS_42.tif,OSBS,402501.1013,3286178.539,17N
OSBSE00290,OSBS_43.tif,OSBS,402494.8134,3286152.174,17N
OSBSE00047,OSBS_44.tif,OSBS,402487.2475,3284292.909,17N
OSBSE00052,OSBS_45.tif,OSBS,402499.7634,3284200.737,17N
OSBSE00122,OSBS_46.tif,OSBS,402491.9015,3283538.051,17N
OSBSE00320,OSBS_49.tif,OSBS,402520.9389,3286304.053,17N
OSBSE00073,OSBS_50.tif,OSBS,402521.2739,3286182.528,17N
OSBSE00289,OSBS_50.tif,OSBS,402512.5608,3286181.582,17N
OSBSE00292,OSBS_50.tif,OSBS,402515.1277,3286186.061,17N
OSBSE00173,OSBS_52.tif,OSBS,402522.1875,3283510.223,17N
OSBSE00068,OSBS_53.tif,OSBS,402547.628,3286169.621,17N
OSBSE00048,OSBS_54.tif,OSBS,402529.7185,3284331.662,17N
OSBSE00050,OSBS_56.tif,OSBS,402533.1144,3284240.059,17N
OSBSE00049,OSBS_57.tif,OSBS,402532.4305,3284213.552,17N
OSBSE00271,OSBS_60.tif,OSBS,402543.9832,3284350.056,17N
OSBSE00300,OSBS_61.tif,OSBS,402553.8452,3284336.17,17N
OSBSE00627,OSBS_62.tif,OSBS,402554.2352,3284298.575,17N
OSBSE00274,OSBS_65.tif,OSBS,402602.3356,3284304.683,17N
OSBSE00602,OSBS_68.tif,OSBS,402748.0965,3284814.737,17N
OSBSE00262,OSBS_69.tif,OSBS,403292.8452,3285868.901,17N
OSBSE00193,OSBS_70.tif,OSBS,403307.5021,3285862.083,17N
OSBSE00179,OSBS_72.tif,OSBS,403316.9637,3285763.239,17N
OSBSE00176,OSBS_73.tif,OSBS,403333.6271,3285742.926,17N
OSBSE00263,OSBS_73.tif,OSBS,403340.2044,3285746.947,17N
OSBSE00177,OSBS_74.tif,OSBS,403361.4154,3285727.341,17N
OSBSE00191,OSBS_75.tif,OSBS,403367.9398,3285709.405,17N
OSBSE00181,OSBS_77.tif,OSBS,403405.4046,3285802.594,17N
OSBSE00178,OSBS_78.tif,OSBS,403414.8622,3285801.695,17N
OSBSE00180,OSBS_79.tif,OSBS,403418.1507,3285780.574,17N
OSBSE00183,OSBS_79.tif,OSBS,403419.9987,3285774.566,17N
OSBSE00174,OSBS_80.tif,OSBS,403420.3639,3285734.118,17N
OSBSE00138,OSBS_81.tif,OSBS,403445.9477,3285753.274,17N
OSBSE00192,OSBS_82.tif,OSBS,403458.3284,3285859.887,17N
OSBSE00363,OSBS_84.tif,OSBS,403469.7689,3284814.533,17N
OSBSE00364,OSBS_84.tif,OSBS,403470.2307,3284807.763,17N
OSBSE00134,OSBS_85.tif,OSBS,403487.3375,3285883.473,17N
OSBSE00185,OSBS_86.tif,OSBS,403479.0685,3285845.042,17N
OSBSE00369,OSBS_88.tif,OSBS,403475.5354,3284917.187,17N
OSBSE00135,OSBS_90.tif,OSBS,403496.4596,3285857.803,17N
OSBSE00182,OSBS_90.tif,OSBS,403504.4079,3285863.51,17N
OSBSE00368,OSBS_92.tif,OSBS,403488.9574,3284971.016,17N
OSBSE00367,OSBS_93.tif,OSBS,403488.3803,3284912.242,17N
OSBSE00370,OSBS_93.tif,OSBS,403489.1312,3284907.431,17N
OSBSE00357,OSBS_94.tif,OSBS,403500.8986,3284792.736,17N
OSBSE00360,OSBS_94.tif,OSBS,403502.1543,3284785.852,17N
OSBSE00359,OSBS_95.tif,OSBS,403499.4863,3284766.336,17N
OSBSE00353,OSBS_96.tif,OSBS,403486.5301,3284600.694,17N
OSBSE00354,OSBS_96.tif,OSBS,403483.4806,3284603.094,17N
TALLE00265,TALL_10.tif,TALL,458974.0229,3642083.024,16N
TALLE00264,TALL_10.tif,TALL,458980.9729,3642083.308,16N
TALLE00266,TALL_10.tif,TALL,458981.2922,3642088.256,16N
TALLE00027,TALL_101.tif,TALL,461710.9934,3647415.938,16N
TALLE00029,TALL_101.tif,TALL,461703.7242,3647424.036,16N
TALLE00299,TALL_106.tif,TALL,461749.1659,3647457.825,16N
TALLE00302,TALL_107.tif,TALL,461754.4237,3647440.128,16N
TALLE00206,TALL_110.tif,TALL,461752.9151,3647477.979,16N
TALLE00033,TALL_111.tif,TALL,461774.6909,3647437.119,16N
TALLE00207,TALL_111.tif,TALL,461773.7562,3647430.663,16N
TALLE00034,TALL_115.tif,TALL,461790.6148,3647442.461,16N
TALLE00031,TALL_116.tif,TALL,461785.9138,3647399.389,16N
TALLE00224,TALL_117.tif,TALL,461778.8418,3647303.463,16N
TALLE00223,TALL_117.tif,TALL,461779.2085,3647293.911,16N
TALLE00228,TALL_118.tif,TALL,461775.7203,3647242.354,16N
TALLE00105,TALL_12.tif,TALL,458980.5651,3642019.16,16N
TALLE00106,TALL_12.tif,TALL,458977.5109,3642022.46,16N
TALLE00174,TALL_12.tif,TALL,458984.3433,3642023.887,16N
TALLE00219,TALL_120.tif,TALL,461803.5752,3647338.674,16N
TALLE00220,TALL_121.tif,TALL,461800.7691,3647302.92,16N
TALLE00209,TALL_123.tif,TALL,461822.841,3647410.742,16N
TALLE00030,TALL_124.tif,TALL,461814.7194,3647401.45,16N
TALLE00211,TALL_124.tif,TALL,461825.0116,3647392.025,16N
TALLE00210,TALL_124.tif,TALL,461827.5449,3647398.973,16N
TALLE00218,TALL_125.tif,TALL,461819.3607,3647324.372,16N
TALLE00230,TALL_126.tif,TALL,461847.434,3647271.857,16N
TALLE00231,TALL_126.tif,TALL,461846.8327,3647264.357,16N
TALLE00240,TALL_127.tif,TALL,461848.6268,3647156.583,16N
TALLE00239,TALL_127.tif,TALL,461847.8696,3647167.008,16N
TALLE00241,TALL_128.tif,TALL,461846.6721,3647110.039,16N
TALLE00212,TALL_129.tif,TALL,461859.641,3647409.455,16N
TALLE00229,TALL_130.tif,TALL,461859.0914,3647260.852,16N
TALLE00236,TALL_131.tif,TALL,461866.4797,3647194.357,16N
TALLE00235,TALL_131.tif,TALL,461861.8201,3647202.142,16N
TALLE00234,TALL_131.tif,TALL,461856.8851,3647195.258,16N
TALLE00233,TALL_132.tif,TALL,461871.6694,3647188.049,16N
TALLE00244,TALL_133.tif,TALL,461876.3694,3647134.201,16N
TALLE00243,TALL_133.tif,TALL,461873.9729,3647146.965,16N
TALLE00242,TALL_134.tif,TALL,461861.1792,3647106.229,16N
TALLE00214,TALL_135.tif,TALL,461889.1994,3647378.214,16N
TALLE00213,TALL_135.tif,TALL,461879.7109,3647369.122,16N
TALLE00232,TALL_137.tif,TALL,461880.0873,3647200.088,16N
TALLE00095,TALL_139.tif,TALL,463809.4574,3642494.208,16N
TALLE00277,TALL_139.tif,TALL,463796.7953,3642500.966,16N
TALLE00192,TALL_139.tif,TALL,463801.8544,3642495.214,16N
TALLE00135,TALL_140.tif,TALL,463799.9229,3642470.084,16N
TALLE00279,TALL_140.tif,TALL,463793.3583,3642473.472,16N
TALLE00090,TALL_145.tif,TALL,463850.8779,3642481.093,16N
TALLE00091,TALL_145.tif,TALL,463841.6297,3642480.797,16N
TALLE00138,TALL_146.tif,TALL,463850.6679,3642470.048,16N
TALLE00280,TALL_146.tif,TALL,463857.4416,3642471.429,16N
TALLE00139,TALL_147.tif,TALL,463844.9778,3642451.776,16N
TALLE00140,TALL_147.tif,TALL,463847.756,3642444.636,16N
TALLE00281,TALL_147.tif,TALL,463835.573,3642457.305,16N
TALLE00086,TALL_149.tif,TALL,463865.1937,3642505.186,16N
TALLE00087,TALL_150.tif,TALL,463858.6547,3642495.159,16N
TALLE00088,TALL_150.tif,TALL,463866.2284,3642487.486,16N
TALLE00089,TALL_150.tif,TALL,463859.9746,3642485.068,16N
TALLE00185,TALL_152.tif,TALL,463894.0775,3642468.404,16N
TALLE00181,TALL_152.tif,TALL,463897.939,3642477.549,16N
TALLE00189,TALL_153.tif,TALL,463927.6827,3642500.442,16N
TALLE00188,TALL_153.tif,TALL,463931.947,3642505.557,16N
TALLE00187,TALL_153.tif,TALL,463934.9697,3642499.525,16N
TALLE00081,TALL_154.tif,TALL,463928.6802,3642490.254,16N
TALLE00134,TALL_154.tif,TALL,463925.0327,3642486.181,16N
TALLE00190,TALL_154.tif,TALL,463918.3425,3642493.04,16N
TALLE00186,TALL_155.tif,TALL,463942.6834,3642506.28,16N
TALLE00082,TALL_156.tif,TALL,463944.5727,3642493.792,16N
TALLE00083,TALL_156.tif,TALL,463942.1457,3642487.113,16N
TALLE00118,TALL_17.tif,TALL,459027.4104,3642092.113,16N
TALLE00119,TALL_17.tif,TALL,459022.5603,3642090.627,16N
TALLE00120,TALL_17.tif,TALL,459020.487,3642081.024,16N
TALLE00121,TALL_17.tif,TALL,459019.2656,3642083.955,16N
TALLE00122,TALL_17.tif,TALL,459028.8722,3642087.805,16N
TALLE00171,TALL_18.tif,TALL,459024.8041,3642053.897,16N
TALLE00116,TALL_19.tif,TALL,459034.4478,3642099.547,16N
TALLE00117,TALL_19.tif,TALL,459034.8163,3642107.153,16N
TALLE00169,TALL_19.tif,TALL,459039.1536,3642101.491,16N
TALLE00103,TALL_2.tif,TALL,458925.2705,3641993.869,16N
TALLE00104,TALL_2.tif,TALL,458917.543,3641991.197,16N
TALLE00123,TALL_20.tif,TALL,459034.954,3642082.141,16N
TALLE00272,TALL_20.tif,TALL,459033.9776,3642073.1,16N
TALLE00170,TALL_20.tif,TALL,459042.4456,3642077.781,16N
TALLE00124,TALL_21.tif,TALL,459057.6678,3642073.294,16N
TALLE00271,TALL_21.tif,TALL,459054.2719,3642078.474,16N
TALLE00261,TALL_23.tif,TALL,459757.3194,3646397.536,16N
TALLE00262,TALL_24.tif,TALL,459738.4133,3646391.578,16N
TALLE00002,TALL_25.tif,TALL,459756.0744,3646380.212,16N
TALLE00263,TALL_25.tif,TALL,459747.3674,3646387.82,16N
TALLE00258,TALL_29.tif,TALL,459819.0039,3646407.088,16N
TALLE00145,TALL_30.tif,TALL,459802.9862,3646393.465,16N
TALLE00144,TALL_31.tif,TALL,459804.3476,3646376.339,16N
TALLE00249,TALL_33.tif,TALL,459819.9307,3646547.364,16N
TALLE00248,TALL_33.tif,TALL,459820.5986,3646556.909,16N
TALLE00250,TALL_34.tif,TALL,459817.4713,3646540.21,16N
TALLE00143,TALL_35.tif,TALL,459833.1052,3646408.366,16N
TALLE00005,TALL_36.tif,TALL,459835.9258,3646310.645,16N
TALLE00006,TALL_36.tif,TALL,459843.045,3646299.563,16N
TALLE00017,TALL_38.tif,TALL,459858.4399,3646573.156,16N
TALLE00018,TALL_38.tif,TALL,459850.733,3646567.502,16N
TALLE00251,TALL_39.tif,TALL,459851.7814,3646553.079,16N
TALLE00102,TALL_4.tif,TALL,458949.2439,3641942.062,16N
TALLE00204,TALL_4.tif,TALL,458948.4454,3641949.394,16N
TALLE00016,TALL_40.tif,TALL,459833.7618,3646536.981,16N
TALLE00314,TALL_40.tif,TALL,459844.4774,3646529.989,16N
TALLE00246,TALL_41.tif,TALL,459844.3428,3646457.864,16N
TALLE00245,TALL_42.tif,TALL,459854.5028,3646431.578,16N
TALLE00007,TALL_43.tif,TALL,459850.1468,3646394.976,16N
TALLE00008,TALL_43.tif,TALL,459850.6967,3646386.167,16N
TALLE00021,TALL_44.tif,TALL,459868.0902,3646599.021,16N
TALLE00022,TALL_44.tif,TALL,459869.2117,3646605.043,16N
TALLE00019,TALL_45.tif,TALL,459859.332,3646560.618,16N
TALLE00020,TALL_45.tif,TALL,459871.1534,3646557.847,16N
TALLE00253,TALL_45.tif,TALL,459864.1416,3646560.004,16N
TALLE00252,TALL_45.tif,TALL,459862.8058,3646564.682,16N
TALLE00009,TALL_47.tif,TALL,459861.4476,3646512.746,16N
TALLE00257,TALL_47.tif,TALL,459873.3045,3646508.628,16N
TALLE00256,TALL_47.tif,TALL,459869.3118,3646511.454,16N
TALLE00255,TALL_47.tif,TALL,459870.6652,3646503.559,16N
TALLE00247,TALL_48.tif,TALL,459867.2046,3646484.985,16N
TALLE00146,TALL_49.tif,TALL,459862.7536,3646411.65,16N
TALLE00130,TALL_5.tif,TALL,458959.053,3642116.168,16N
TALLE00268,TALL_5.tif,TALL,458957.9814,3642105.528,16N
TALLE00152,TALL_50.tif,TALL,459882.9967,3646601.077,16N
TALLE00153,TALL_50.tif,TALL,459878.4412,3646594.181,16N
TALLE00147,TALL_51.tif,TALL,459879.1257,3646429.268,16N
TALLE00010,TALL_52.tif,TALL,459936.3748,3646573.162,16N
TALLE00012,TALL_54.tif,TALL,460030.8511,3646570.04,16N
TALLE00294,TALL_56.tif,TALL,460600.685,3642952.97,16N
TALLE00311,TALL_56.tif,TALL,460605.8067,3642946.577,16N
TALLE00310,TALL_56.tif,TALL,460598.5469,3642942.135,16N
TALLE00292,TALL_58.tif,TALL,460617.7853,3642908.769,16N
TALLE00291,TALL_58.tif,TALL,460609.0578,3642904.457,16N
TALLE00296,TALL_59.tif,TALL,460641.3097,3643114.951,16N
TALLE00295,TALL_59.tif,TALL,460640.6195,3643107.028,16N
TALLE00290,TALL_60.tif,TALL,460642.303,3642871.431,16N
TALLE00309,TALL_61.tif,TALL,460679.4842,3642854.988,16N
TALLE00308,TALL_61.tif,TALL,460684.1874,3642846.561,16N
TALLE00307,TALL_61.tif,TALL,460692.5459,3642845.329,16N
TALLE00079,TALL_62.tif,TALL,460712.7704,3643208.118,16N
TALLE00080,TALL_62.tif,TALL,460710.9653,3643198.226,16N
TALLE00283,TALL_63.tif,TALL,460700.4233,3642940.126,16N
TALLE00197,TALL_65.tif,TALL,460727.7007,3643264.999,16N
TALLE00195,TALL_65.tif,TALL,460731.4509,3643269.437,16N
TALLE00076,TALL_66.tif,TALL,460731.1674,3643236.412,16N
TALLE00306,TALL_69.tif,TALL,460714.1783,3642927.271,16N
TALLE00203,TALL_7.tif,TALL,458967.4974,3641942.332,16N
TALLE00285,TALL_70.tif,TALL,460731.2601,3642922.998,16N
TALLE00305,TALL_70.tif,TALL,460721.0969,3642919.405,16N
TALLE00196,TALL_71.tif,TALL,460744.0582,3643272.177,16N
TALLE00077,TALL_72.tif,TALL,460748.6689,3643254.307,16N
TALLE00078,TALL_72.tif,TALL,460751.2672,3643248.643,16N
TALLE00073,TALL_73.tif,TALL,460750.5688,3643239.508,16N
TALLE00074,TALL_73.tif,TALL,460745.3931,3643239.99,16N
TALLE00075,TALL_73.tif,TALL,460738.6054,3643240.266,16N
TALLE00199,TALL_74.tif,TALL,460726.6252,3643229.959,16N
TALLE00202,TALL_74.tif,TALL,460730.8783,3643224.372,16N
TALLE00065,TALL_75.tif,TALL,460754.3516,3643190.65,16N
TALLE00066,TALL_75.tif,TALL,460752.4567,3643196.17,16N
TALLE00167,TALL_75.tif,TALL,460750.5138,3643186.388,16N
TALLE00164,TALL_75.tif,TALL,460740.605,3643192.235,16N
TALLE00163,TALL_75.tif,TALL,460742.1446,3643196.603,16N
TALLE00162,TALL_75.tif,TALL,460741.5811,3643187.276,16N
TALLE00059,TALL_76.tif,TALL,460740.6173,3643159.203,16N
TALLE00060,TALL_76.tif,TALL,460739.9351,3643167.553,16N
TALLE00131,TALL_76.tif,TALL,460752.8142,3643159.998,16N
TALLE00275,TALL_76.tif,TALL,460746.5169,3643162.132,16N
TALLE00274,TALL_77.tif,TALL,460745.0407,3643145.007,16N
TALLE00160,TALL_77.tif,TALL,460736.06,3643151.672,16N
TALLE00287,TALL_79.tif,TALL,460752.9188,3642914.898,16N
TALLE00284,TALL_79.tif,TALL,460747.5979,3642926.828,16N
TALLE00166,TALL_80.tif,TALL,460759.6824,3643245.25,16N
TALLE00067,TALL_81.tif,TALL,460764.8973,3643220.358,16N
TALLE00064,TALL_83.tif,TALL,460751.4939,3643181.253,16N
TALLE00133,TALL_83.tif,TALL,460755.3917,3643174.349,16N
TALLE00276,TALL_83.tif,TALL,460764.2123,3643177.339,16N
TALLE00158,TALL_86.tif,TALL,460757.7368,3643120.606,16N
TALLE00155,TALL_86.tif,TALL,460750.6395,3643123.228,16N
TALLE00054,TALL_89.tif,TALL,460769.87,3643130.4,16N
TALLE00141,TALL_89.tif,TALL,460773.4446,3643130.365,16N
TALLE00156,TALL_89.tif,TALL,460769.1057,3643124.331,16N
TALLE00312,TALL_89.tif,TALL,460776.5488,3643126.787,16N
TALLE00114,TALL_9.tif,TALL,458978.0426,3642105.374,16N
TALLE00115,TALL_9.tif,TALL,458973.6729,3642112.158,16N
TALLE00267,TALL_9.tif,TALL,458971.6744,3642104.215,16N
TALLE00043,TALL_91.tif,TALL,460825.972,3643112.42,16N
TALLE00044,TALL_91.tif,TALL,460819.3206,3643115.496,16N
TALLE00045,TALL_92.tif,TALL,460806.5102,3643110.272,16N
TALLE00046,TALL_92.tif,TALL,460809.6265,3643120.035,16N
TALLE00047,TALL_92.tif,TALL,460798.9059,3643117.214,16N
TALLE00038,TALL_93.tif,TALL,460806.9515,3643103.064,16N
TALLE00051,TALL_94.tif,TALL,460819.2501,3643147.639,16N
TALLE00053,TALL_94.tif,TALL,460814.2584,3643151.444,16N
TALLE00049,TALL_96.tif,TALL,460810.8217,3643127.274,16N
TALLE00050,TALL_96.tif,TALL,460810.9319,3643135.818,16N
TALLE00023,TALL_98.tif,TALL,461660.5856,3647431.859,16N