"plot_name","xmin","ymin","xmax","ymax"
"2018_SJER_3_252000_4104000_image_628",252901.002,4104711.028,252906.998,4104718.399
"2018_SJER_3_252000_4104000_image_628",252882.62,4104697.62,252883.981,4104699.937
"2018_SJER_3_252000_4104000_image_628",252904.016,4104725.573,252910.495,4104733.934
"2018_SJER_3_252000_4104000_image_628",252895.549,4104732.507,252898.28,4104733.93
"2018_SJER_3_252000_4104000_image_628",252898.553,4104733.041,252900.487,4104733.908
"2018_SJER_3_252000_4104000_image_628",252891.101,4104730.258,252894.432,4104733.42
"2018_SJER_3_252000_4104000_image_628",252877.051,4104729.62,252883.498,4104733.943
"2018_SJER_3_252000_4104000_image_628",252877.011,4104730.518,252880.488,4104733.448
"2018_SJER_3_252000_4104000_image_628",252896.247,4104724.614,252899.894,4104729.48
"2018_SJER_3_252000_4104000_image_628",252889.036,4104720.514,252893.982,4104728.473
"2018_SJER_3_252000_4104000_image_628",252905.056,4104721.026,252911.934,4104727.939
"2018_SJER_3_252000_4104000_image_628",252909.507,4104703.512,252913.998,4104712.475
"2018_SJER_3_252000_4106000_image_234",252335.014,4106314.006,252341.998,4106315.949
"2018_SJER_3_252000_4106000_image_234",252342.757,4106276.068,252343.979,4106277.496
"2018_SJER_3_252000_4106000_image_234",252311.403,4106290.099,252318.979,4106294.489
"2018_SJER_3_252000_4106000_image_234",252311.035,4106292.55,252319.861,4106299.997
"2018_SJER_3_252000_4106000_image_234",252338.503,4106298.546,252340.464,4106300.413
"2018_SJER_3_252000_4106000_image_326",252463.262,4106890.906,252465.422,4106891.833
"2018_SJER_3_252000_4106000_image_326",252476.537,4106888.55,252476.95,4106889.493
"2018_SJER_3_252000_4106000_image_326",252477.002,4106884.052,252480.997,4106885.999
"2018_SJER_3_252000_4106000_image_326",252470.02,4106894.015,252473.474,4106897.491
"2018_SJER_3_252000_4106000_image_326",252458.19,4106896.037,252458.958,4106896.754
"2018_SJER_3_252000_4106000_image_326",252472.665,4106899.25,252474.449,4106900.388
"2018_SJER_3_252000_4106000_image_326",252465.563,4106903.122,252471.457,4106906.98
"2018_SJER_3_252000_4106000_image_326",252458.09,4106906.726,252465.481,4106913.214
"2018_SJER_3_252000_4106000_image_326",252466.51,4106908.529,252475.992,4106914.499
"2018_SJER_3_252000_4106000_image_326",252456.551,4106912.563,252462.495,4106919.407
"2018_SJER_3_252000_4106000_image_326",252468.065,4106914.523,252475.984,4106920.991
"2018_SJER_3_252000_4106000_image_66",252085.509,4106504.061,252094.993,4106513.493
"2018_SJER_3_252000_4106000_image_66",252082.724,4106504.091,252088.981,4106508.601
"2018_SJER_3_252000_4106000_image_66",252076.002,4106504.082,252076.985,4106505.948
"2018_SJER_3_252000_4107000_image_372",252504.014,4107162.054,252507.383,4107165.99
"2018_SJER_3_252000_4107000_image_372",252503.011,4107164.505,252506.98,4107173.989
"2018_SJER_3_252000_4107000_image_372",252502.515,4107173.03,252506.483,4107179.41
"2018_SJER_3_252000_4107000_image_372",252514.521,4107177.004,252523.977,4107186.494
"2018_SJER_3_252000_4107000_image_372",252502.629,4107179.54,252505.965,4107183.15
"2018_SJER_3_252000_4107000_image_372",252502.008,4107182.661,252505.487,4107189.495
"2018_SJER_3_252000_4107000_image_372",252501.522,4107190.503,252504.945,4107197.366
"2018_SJER_3_252000_4107000_image_372",252517.065,4107194.124,252517.407,4107194.417
"2018_SJER_3_252000_4107000_image_372",252501.066,4107197.001,252504.477,4107200.485
"2018_SJER_3_252000_4107000_image_372",252501.08,4107200.15,252503.956,4107201.933
"2018_SJER_3_252000_4107000_image_372",252524.003,4107162.057,252532.498,4107170.487
"2018_SJER_3_252000_4107000_image_477",252678.682,4107278.012,252685.993,4107284.495
"2018_SJER_3_252000_4107000_image_477",252676.001,4107277.006,252680.995,4107283.994
"2018_SJER_3_252000_4107000_image_477",252673.028,4107276.085,252676.492,4107282.981
"2018_SJER_3_252000_4107000_image_477",252681.517,4107276.061,252685.974,4107278.496
"2018_SJER_3_252000_4107000_image_477",252675.534,4107276.058,252681.92,4107278.488
"2018_SJER_3_252000_4107000_image_477",252646.003,4107306.015,252650.998,4107312.452
"2018_SJER_3_252000_4107000_image_477",252648.502,4107299.531,252657.47,4107306.988
"2018_SJER_3_252000_4107000_image_477",252646.505,4107294.004,252654.995,4107303.495
"2018_SJER_3_252000_4107000_image_477",252665.608,4107307.022,252672.996,4107311.491
"2018_SJER_3_252000_4107000_image_477",252657.524,4107301.011,252666.988,4107310.495
"2018_SJER_3_252000_4107000_image_477",252670.092,4107302.561,252675.947,4107309.494
"2018_SJER_3_252000_4107000_image_477",252664.006,4107302.502,252671.496,4107308.99
"2018_SJER_3_252000_4107000_image_477",252654.517,4107296.502,252662.997,4107303.998
"2018_SJER_3_252000_4107000_image_477",252662.008,4107297.032,252670.792,4107302.982
"2018_SJER_3_252000_4107000_image_477",252661.001,4107289.298,252667.465,4107298.486
"2018_SJER_3_252000_4107000_image_477",252679.001,4107288.596,252685.992,4107295.995
"2018_SJER_3_252000_4107000_image_477",252653.519,4107291.516,252661.469,4107296.495
"2018_SJER_3_252000_4107000_image_477",252675.546,4107295.64,252676.396,4107295.951
"2018_SJER_3_252000_4107000_image_477",252654.532,4107288.508,252661.494,4107292.993
"2018_SJER_3_252000_4107000_image_477",252679.512,4107284.044,252685.988,4107289.499
"2018_SJER_3_252000_4108000_image_517",252746.502,4108843.004,252754.491,4108847.949
"2018_SJER_3_252000_4108000_image_517",252731.043,4108842.507,252737.448,4108847.941
"2018_SJER_3_252000_4108000_image_517",252749.011,4108808.051,252756.971,4108814.498
"2018_SJER_3_252000_4108000_image_517",252733.5,4108813.502,252742.991,4108822.961
"2018_SJER_3_252000_4108000_image_517",252746.507,4108816.506,252755.945,4108825.486
"2018_SJER_3_252000_4108000_image_517",252722.002,4108817.502,252725.412,4108825.479
"2018_SJER_3_252000_4108000_image_517",252753.018,4108818.008,252758.948,4108824.966
"2018_SJER_3_252000_4108000_image_517",252739.025,4108818.006,252746.488,4108827.499
"2018_SJER_3_252000_4108000_image_517",252744.013,4108819.504,252749.97,4108827.482
"2018_SJER_3_252000_4108000_image_517",252732.537,4108829.044,252740.498,4108836.872
"2018_SJER_3_252000_4112000_image_451",252630.51,4112263.522,252638.992,4112273
"2018_SJER_3_252000_4112000_image_451",252616.501,4112262.116,252624.982,4112271.499
"2018_SJER_3_252000_4112000_image_451",252612.57,4112255.502,252620.997,4112264.865
"2018_SJER_3_252000_4112000_image_451",252612.048,4112263.507,252615.979,4112266.208
"2018_SJER_3_252000_4112000_image_451",252641.035,4112259.001,252641.445,4112259.496
"2018_SJER_3_252000_4112000_image_451",252642.505,4112256.018,252644.977,4112258.405
"2018_SJER_3_252000_4112000_image_451",252632.118,4112253.048,252636.496,4112257.413
"2018_SJER_3_252000_4112000_image_451",252608.003,4112247.501,252612.999,4112256.995
"2018_SJER_3_252000_4112000_image_451",252617.007,4112248.013,252623.469,4112256.485
"2018_SJER_3_252000_4112000_image_451",252640.527,4112249.294,252647.45,4112254.88
"2018_SJER_3_252000_4112000_image_451",252627.533,4112248.002,252635.475,4112254.817
"2018_SJER_3_252000_4112000_image_451",252625,4112244.26,252630.971,4112251.379
"2018_SJER_3_252000_4112000_image_451",252642.003,4112242.124,252647.999,4112249.995
"2018_SJER_3_252000_4112000_image_451",252637.032,4112246.255,252639.499,4112247.879
"2018_SJER_3_252000_4112000_image_451",252626.519,4112238.504,252635.998,4112247.985
"2018_SJER_3_252000_4112000_image_451",252642.017,4112242.253,252646.49,4112246.498
"2018_SJER_3_252000_4112000_image_451",252626.506,4112238.068,252632.465,4112242.456
"2018_SJER_3_252000_4112000_image_451",252620.505,4112238.537,252623.475,4112240.99
"2018_SJER_3_252000_4112000_image_451",252620.626,4112241.001,252623.93,4112243.935
"2018_SJER_3_252000_4112000_image_451",252610.009,4112265.03,252613.433,4112270.984
"2018_SJER_3_252000_4112000_image_451",252608.03,4112265.049,252609.992,4112270.938
"2018_SJER_3_252000_4112000_image_451",252642.003,4112268.012,252647.482,4112272.981
"2018_SJER_3_252000_4112000_image_451",252608.029,4112269.52,252612.853,4112276.49
"2018_SJER_3_252000_4112000_image_451",252608.029,4112272.664,252609.993,4112277.566
"2018_SJER_3_252000_4112000_image_451",252627.02,4112272.723,252631.998,4112277.796
"2018_SJER_3_252000_4112000_image_451",252642.012,4112271.08,252647.997,4112277.941
"2018_SJER_3_252000_4112000_image_451",252613,4112275.147,252617.472,4112277.941
"2018_SJER_3_252000_4112000_image_451",252608.573,4112275.175,252612.999,4112277.948
"2018_SJER_3_252000_4112000_image_451",252623.023,4112275.169,252627.487,4112277.938
"2018_SJER_3_252000_4112000_image_451",252621.557,4112276.277,252623.894,4112277.948
"2018_SJER_3_252000_4112000_image_451",252639.072,4112276.006,252645.497,4112277.948
"2018_SJER_3_252000_4113000_image_310",252435.059,4113494.043,252435.833,4113494.719
"2018_SJER_3_252000_4113000_image_310",252453.575,4113494.565,252457.995,4113498.981
"2018_SJER_3_252000_4113000_image_310",252453.006,4113499.02,252457.996,4113503.47
"2018_SJER_3_252000_4113000_image_310",252453.026,4113503.518,252457.972,4113505.945
"2018_SJER_3_252000_4113000_image_323",252418.003,4113029.003,252424.999,4113038.473
"2018_SJER_3_252000_4113000_image_323",252418.001,4113021.503,252423.497,4113030.457
"2018_SJER_3_252000_4113000_image_323",252451.52,4113036.08,252457.979,4113039.946
"2018_SJER_3_252000_4113000_image_323",252432.006,4113029.516,252439.926,4113038.487
"2018_SJER_3_252000_4113000_image_323",252434.143,4113028.723,252442.474,4113036.998
"2018_SJER_3_252000_4113000_image_323",252456.001,4113028.012,252457.999,4113034.966
"2018_SJER_3_252000_4113000_image_323",252437.005,4113012.175,252442.97,4113019.46
"2018_SJER_3_252000_4113000_image_323",252433.535,4113010.85,252437.484,4113019.474
"2018_SJER_3_252000_4113000_image_323",252456.59,4113010.724,252457.997,4113013.878
"2018_SJER_3_252000_4113000_image_323",252436.518,4113004.006,252444.498,4113013.497
"2018_SJER_3_252000_4113000_image_323",252457.011,4113006.806,252457.997,4113010.348
"2018_SJER_3_253000_4104000_image_637",253874.042,4104352.056,253875.919,4104354.338
"2018_SJER_3_253000_4104000_image_637",253890.53,4104353.509,253897.968,4104362.992
"2018_SJER_3_253000_4104000_image_637",253887.5,4104355.005,253896.976,4104364.482
"2018_SJER_3_253000_4104000_image_637",253874.21,4104381.016,253875.955,4104382.901
"2018_SJER_3_253000_4104000_image_637",253877.526,4104360.109,253885.406,4104368.474
"2018_SJER_3_253000_4104000_image_637",253874.012,4104361.783,253874.941,4104362.949
"2018_SJER_3_253000_4104000_image_637",253898.031,4104386.423,253906.497,4104391.946
"2018_SJER_3_253000_4104000_image_637",253895.602,4104384.537,253899.494,4104391.949
"2018_SJER_3_253000_4104000_image_637",253899.025,4104383.502,253905.976,4104389.484
"2018_SJER_3_253000_4104000_image_637",253895.012,4104367.502,253904.466,4104376.886
"2018_SJER_3_253000_4104000_image_637",253897.55,4104370.007,253905.871,4104378.328
"2018_SJER_3_253000_4105000_image_225",253320.038,4105655.012,253325.994,4105657.949
"2018_SJER_3_253000_4105000_image_225",253325.507,4105656.157,253328.995,4105657.846
"2018_SJER_3_253000_4105000_image_225",253329.016,4105656.029,253331.993,4105657.938
"2018_SJER_3_253000_4105000_image_303",253445.012,4105769.514,253446.404,4105771.945
"2018_SJER_3_253000_4105000_image_303",253445.551,4105768.121,253447.979,4105769.98
"2018_SJER_3_253000_4105000_image_303",253446.053,4105761.52,253449.499,4105766.927
"2018_SJER_3_253000_4105000_image_303",253435.22,4105763.039,253435.454,4105763.388
"2018_SJER_3_253000_4105000_image_303",253449.05,4105760.148,253450.98,4105761.884
"2018_SJER_3_253000_4105000_image_303",253451.043,4105757.588,253451.953,4105758.463
"2018_SJER_3_253000_4105000_image_303",253451.058,4105754.025,253452.467,4105755.464
"2018_SJER_3_253000_4105000_image_303",253422.637,4105750.506,253429.394,4105754.982
"2018_SJER_3_253000_4105000_image_303",253451.05,4105732.052,253456.985,4105735.492
"2018_SJER_3_253000_4105000_image_303",253446.006,4105732.083,253452.987,4105735.914
"2018_SJER_3_253000_4105000_image_303",253441.031,4105732.059,253447.926,4105736.49
"2018_SJER_3_253000_4105000_image_303",253449.075,4105734.507,253453.806,4105739.491
"2018_SJER_3_253000_4105000_image_303",253445.024,4105735.526,253449.95,4105740.481
"2018_SJER_3_253000_4105000_image_303",253454.57,4105745.052,253455.888,4105746.269
"2018_SJER_3_253000_4105000_image_303",253423.04,4105747.58,253429.456,4105750.995
"2018_SJER_3_253000_4105000_image_303",253452.566,4105747.135,253453.871,4105748.484
"2018_SJER_3_253000_4105000_image_303",253451.51,4105750.002,253452.973,4105751.394
"2018_SJER_3_253000_4105000_image_689",253965.51,4105446.614,253966.431,4105447.353
"2018_SJER_3_253000_4105000_image_689",253987.523,4105444.501,253989.481,4105446.382
"2018_SJER_3_253000_4105000_image_72",253076.071,4105276.053,253078.475,4105278.407
"2018_SJER_3_253000_4105000_image_72",253078.101,4105276.052,253081.957,4105279.462
"2018_SJER_3_253000_4105000_image_72",253088.027,4105276.143,253093.834,4105282.958
"2018_SJER_3_253000_4105000_image_72",253076.008,4105292.538,253079.81,4105297.95
"2018_SJER_3_253000_4105000_image_72",253110.509,4105292.012,253115.999,4105300.492
"2018_SJER_3_253000_4105000_image_72",253076,4105297.014,253078.489,4105300.945
"2018_SJER_3_253000_4105000_image_72",253110.503,4105298.004,253115.993,4105305
"2018_SJER_3_253000_4105000_image_72",253076.016,4105306.004,253082.368,4105309.992
"2018_SJER_3_253000_4105000_image_72",253076.006,4105309.092,253080.484,4105313.491
"2018_SJER_3_253000_4105000_image_72",253080.542,4105308.505,253084.485,4105315.708
"2018_SJER_3_253000_4105000_image_72",253076.506,4105312.031,253082.477,4105315.94
"2018_SJER_3_253000_4107000_image_532",253722,4107238.079,253724.986,4107246.999
"2018_SJER_3_253000_4107000_image_532",253754.042,4107239.025,253754.991,4107239.975
"2018_SJER_3_253000_4107000_image_532",253735.026,4107256.504,253739.441,4107259.495
"2018_SJER_3_253000_4107000_image_532",253726.503,4107258.602,253727.997,4107259.974
"2018_SJER_3_253000_4107000_image_532",253723.049,4107259.005,253724.999,4107260.5
"2018_SJER_3_253000_4107000_image_532",253751.5,4107260.504,253760.499,4107269.989
"2018_SJER_3_253000_4107000_image_532",253722.018,4107265.03,253723.468,4107266.458
"2018_SJER_3_253000_4107000_image_532",253722.01,4107266.504,253723.997,4107268.495
"2018_SJER_3_253000_4107000_image_532",253731.502,4107267.507,253734.495,4107270.499
"2018_SJER_3_253000_4107000_image_532",253723.515,4107268.505,253726.441,4107272.97
"2018_SJER_3_253000_4107000_image_532",253741.514,4107271.522,253742.428,4107272.447
"2018_SJER_3_253000_4107000_image_532",253743.578,4107271.535,253746.999,4107274.987
"2018_SJER_3_253000_4107000_image_637",253892.014,4107369.516,253901.351,4107377.94
"2018_SJER_3_253000_4107000_image_637",253881.505,4107373.003,253889.985,4107380.439
"2018_SJER_3_253000_4107000_image_637",253874.001,4107374.501,253877.982,4107383.46
"2018_SJER_3_253000_4107000_image_637",253897.002,4107369.028,253901.973,4107373.346
"2018_SJER_3_253000_4107000_image_637",253896.005,4107363.638,253901.991,4107366.985
"2018_SJER_3_253000_4107000_image_637",253897.501,4107361.1,253903.977,4107366.469
"2018_SJER_3_253000_4107000_image_637",253878.001,4107358.016,253882.491,4107366.451
"2018_SJER_3_253000_4107000_image_637",253890.583,4107360.004,253897.462,4107364.952
"2018_SJER_3_253000_4107000_image_637",253874.001,4107358.05,253878.496,4107366.499
"2018_SJER_3_253000_4107000_image_637",253899.509,4107357.54,253906.446,4107366.888
"2018_SJER_3_253000_4107000_image_637",253893.521,4107353.537,253899.47,4107361.495
"2018_SJER_3_253000_4107000_image_637",253890.277,4107354.006,253895.949,4107360.497
"2018_SJER_3_253000_4107000_image_637",253885.024,4107352.508,253891.393,4107358.992
"2018_SJER_3_253000_4107000_image_637",253879.501,4107352.052,253884.994,4107357.477
"2018_SJER_3_253000_4107000_image_637",253905.036,4107354.035,253912.943,4107361.987
"2018_SJER_3_253000_4107000_image_637",253903.567,4107354.632,253904.976,4107356.446
"2018_SJER_3_253000_4107000_image_637",253910.013,4107357.54,253913.994,4107364.423
"2018_SJER_3_253000_4107000_image_637",253904.006,4107360.093,253910.937,4107367.993
"2018_SJER_3_253000_4107000_image_637",253909.024,4107364.054,253913.99,4107368.72
"2018_SJER_3_253000_4107000_image_637",253908.514,4107368.175,253913.998,4107374.435
"2018_SJER_3_253000_4107000_image_637",253892.01,4107377.001,253901.479,4107386.494
"2018_SJER_3_253000_4107000_image_637",253886.518,4107388.65,253889.467,4107391.736
"2018_SJER_3_253000_4107000_image_637",253878.018,4107390.003,253879.956,4107391.945
"2018_SJER_3_253000_4107000_image_637",253881.61,4107388.036,253884.965,4107391.481
"2018_SJER_3_253000_4107000_image_637",253879.066,4107388.012,253881.963,4107390.686
"2018_SJER_3_253000_4107000_image_637",253906.019,4107376.85,253910.993,4107383.84
"2018_SJER_3_253000_4107000_image_637",253901.53,4107383.004,253909.487,4107391.907
"2018_SJER_3_253000_4107000_image_637",253913.54,4107387.064,253913.98,4107388.966
"2018_SJER_3_253000_4107000_image_637",253913.014,4107389.261,253913.989,4107391.855
"2018_SJER_3_253000_4108000_image_721",253960.001,4108238.088,253963.4,4108245.996
"2018_SJER_3_253000_4108000_image_721",253960.01,4108243.503,253969.483,4108252.995
"2018_SJER_3_253000_4108000_image_721",253966.511,4108267.005,253975.984,4108275.412
"2018_SJER_3_253000_4108000_image_721",253965.52,4108270.517,253974.461,4108277.885
"2018_SJER_3_253000_4108000_image_721",253978.235,4108272.585,253986.499,4108277.917
"2018_SJER_3_253000_4108000_image_721",253984.071,4108273.01,253991.997,4108277.948
"2018_SJER_3_253000_4109000_image_573",253813.036,4109735.038,253818.949,4109740.99
"2018_SJER_3_253000_4109000_image_573",253815.589,4109732.051,253821.498,4109737.918
"2018_SJER_3_253000_4109000_image_573",253798.001,4109734.029,253801.339,4109740.282
"2018_SJER_3_253000_4109000_image_573",253799.501,4109732.06,253803.957,4109738.489
"2018_SJER_3_253000_4109000_image_573",253827.005,4109733.005,253827.811,4109733.912
"2018_SJER_3_253000_4109000_image_573",253798.033,4109732.051,253800.913,4109733.803
"2018_SJER_3_253000_4109000_image_573",253808.024,4109740.502,253814.456,4109746.499
"2018_SJER_3_253000_4109000_image_573",253798,4109742.507,253799.82,4109749.497
"2018_SJER_3_253000_4109000_image_573",253821.503,4109746.021,253829.493,4109753.999
"2018_SJER_3_253000_4109000_image_573",253824.002,4109767.515,253830.38,4109771.948
"2018_SJER_3_253000_4109000_image_573",253819.506,4109764.504,253824.995,4109771.92
"2018_SJER_3_253000_4109000_image_573",253823.5,4109762.005,253831.346,4109769.49
"2018_SJER_3_253000_4109000_image_573",253837.122,4109763.019,253837.985,4109764.485
"2018_SJER_3_253000_4109000_image_573",253798.042,4109767.111,253798.919,4109767.883
"2018_SJER_3_253000_4109000_image_573",253808.501,4109762.515,253810.838,4109765.441
"2018_SJER_3_253000_4112000_image_581",253831.502,4112441.006,253837.996,4112448.483
"2018_SJER_3_253000_4112000_image_581",253811,4112439.507,253816.458,4112446.974
"2018_SJER_3_253000_4112000_image_581",253808.539,4112449.754,253808.974,4112449.962
"2018_SJER_3_253000_4112000_image_581",253821.012,4112450.002,253825.499,4112453.484
"2018_SJER_3_253000_4112000_image_581",253836.513,4112451.042,253837.959,4112452.999
"2018_SJER_3_253000_4112000_image_581",253806.527,4112454.584,253808.973,4112456.973
"2018_SJER_3_253000_4112000_image_581",253798.589,4112456.025,253798.97,4112456.5
"2018_SJER_3_253000_4112000_image_581",253802.059,4112459.74,253803.777,4112461.846
"2018_SJER_3_253000_4112000_image_581",253803.501,4112461.556,253805.957,4112465.436
"2018_SJER_3_253000_4112000_image_581",253823.008,4112461.007,253829.977,4112467.921
"2018_SJER_3_253000_4112000_image_581",253805.002,4112464.095,253810.467,4112467.922
"2018_SJER_3_253000_4112000_image_581",253819.507,4112463.541,253825.387,4112467.944
"2018_SJER_3_253000_4112000_image_581",253814.051,4112464.616,253819.483,4112467.924
"2018_SJER_3_253000_4112000_image_581",253812.174,4112465.557,253814.483,4112467.759
"2018_SJER_3_253000_4112000_image_581",253833.047,4112465.502,253835.475,4112467.457
"2018_SJER_3_253000_4112000_image_581",253823.015,4112443.501,253823.432,4112443.973
"2018_SJER_3_253000_4112000_image_581",253803.515,4112436.538,253805.953,4112439.357
"2018_SJER_3_253000_4112000_image_581",253819.188,4112431.521,253823.459,4112435.229
"2018_SJER_3_253000_4112000_image_581",253833.512,4112428.067,253835.904,4112430.379
"2018_SJER_3_253000_4112000_image_581",253810.516,4112428.057,253813.451,4112431.26
"2018_SJER_3_253000_4112000_image_581",253815.512,4112428.532,253816.969,4112430.411
"2018_SJER_3_253000_4112000_image_581",253798.017,4112428.053,253799.479,4112429.495
"2018_SJER_3_254000_4103000_image_190",254292.052,4103932.01,254292.965,4103933
"2018_SJER_3_254000_4104000_image_163",254233.623,4104945.513,254240.469,4104953.986
"2018_SJER_3_254000_4104000_image_163",254228.13,4104944.023,254235.99,4104949.487
"2018_SJER_3_254000_4104000_image_163",254228.009,4104937.567,254236.996,4104944.5
"2018_SJER_3_254000_4104000_image_163",254258.002,4104930.005,254267.486,4104937.468
"2018_SJER_3_254000_4104000_image_163",254266.029,4104933.007,254267.48,4104934.474
"2018_SJER_3_254000_4104000_image_163",254259.001,4104923.754,254267.25,4104931.487
"2018_SJER_3_254000_4105000_image_703",254970.523,4105945.519,254972.487,4105946.995
"2018_SJER_3_254000_4105000_image_703",254974.019,4105933.072,254978.984,4105940.994
"2018_SJER_3_254000_4105000_image_703",254980.018,4105930.525,254984.997,4105933.984
"2018_SJER_3_254000_4105000_image_703",254976.508,4105933.004,254980.497,4105940.493
"2018_SJER_3_254000_4105000_image_703",254978.016,4105933.504,254987.427,4105941.5
"2018_SJER_3_254000_4105000_image_703",254986.545,4105959.649,254994.971,4105961.949
"2018_SJER_3_254000_4105000_image_703",254989.079,4105943.505,254995.659,4105949.996
"2018_SJER_3_254000_4107000_image_670",254934.098,4107124.084,254935.492,4107124.999
"2018_SJER_3_254000_4107000_image_670",254922.074,4107124.05,254929.999,4107130.492
"2018_SJER_3_254000_4107000_image_670",254938.039,4107124.05,254942.444,4107126.764
"2018_SJER_3_254000_4107000_image_670",254912.006,4107124.269,254913.959,4107125.469
"2018_SJER_3_254000_4107000_image_670",254941.025,4107124.065,254948.496,4107130.169
"2018_SJER_3_254000_4107000_image_670",254912.006,4107125.702,254913.371,4107127.918
"2018_SJER_3_254000_4107000_image_670",254941.503,4107129.51,254948.965,4107134.967
"2018_SJER_3_254000_4107000_image_670",254935.043,4107131.072,254937.485,4107133.964
"2018_SJER_3_254000_4107000_image_670",254921.014,4107132.563,254924.994,4107136.889
"2018_SJER_3_254000_4107000_image_670",254929.508,4107133.004,254935.478,4107137.428
"2018_SJER_3_254000_4107000_image_670",254918.015,4107134.105,254920.963,4107136.118
"2018_SJER_3_254000_4107000_image_670",254912.635,4107134.503,254915.99,4107137.957
"2018_SJER_3_254000_4107000_image_670",254923.501,4107136.002,254925.467,4107139
"2018_SJER_3_254000_4107000_image_670",254931.017,4107146.503,254939.449,4107154.912
"2018_SJER_3_254000_4107000_image_670",254930.501,4107148.605,254935.956,4107155.487
"2018_SJER_3_254000_4107000_image_670",254929.505,4107159.01,254938.987,4107163.949
"2018_SJER_3_254000_4107000_image_670",254938.517,4107159.633,254943.983,4107163.939
"2018_SJER_3_254000_4107000_image_670",254912.612,4107162.557,254914.486,4107163.929
"2018_SJER_3_254000_4107000_image_670",254947.505,4107158.555,254951.996,4107163.944
"2018_SJER_3_254000_4107000_image_670",254943.571,4107162.503,254948.426,4107163.947
"2018_SJER_3_254000_4107000_image_670",254945.002,4107156.517,254948.992,4107161.992
"2018_SJER_3_254000_4107000_image_670",254945.606,4107143.089,254951.99,4107150.173
"2018_SJER_3_254000_4107000_image_670",254947.004,4107139.064,254951.998,4107146.494
"2018_SJER_3_254000_4107000_image_670",254945.526,4107130.508,254951.994,4107139.978
"2018_SJER_3_254000_4108000_image_188",254228.009,4108018.63,254235.484,4108026.49
"2018_SJER_3_254000_4108000_image_188",254228.008,4108011.514,254231.377,4108020.976
"2018_SJER_3_254000_4108000_image_188",254231.081,4108014.656,254239.491,4108019.996
"2018_SJER_3_254000_4108000_image_188",254232.531,4108009.006,254240.945,4108017.874
"2018_SJER_3_254000_4108000_image_188",254242.088,4108014.501,254243.937,4108016.977
"2018_SJER_3_254000_4108000_image_188",254228.047,4108009.506,254234.901,4108016.432
"2018_SJER_3_254000_4108000_image_188",254245.504,4108000.049,254254.364,4108006.852
"2018_SJER_3_254000_4108000_image_188",254252.037,4108000.051,254258.969,4108003.944
"2018_SJER_3_254000_4108000_image_188",254232.507,4108024.028,254239.458,4108031.997
"2018_SJER_3_254000_4108000_image_188",254228.003,4108026.035,254232.991,4108032.487
"2018_SJER_3_254000_4108000_image_700",254951.011,4108021.503,254960.484,4108030.928
"2018_SJER_3_254000_4108000_image_700",254955.512,4108013.502,254964.997,4108023
"2018_SJER_3_254000_4108000_image_700",254950.011,4108010.049,254957.998,4108016.486
"2018_SJER_3_254000_4108000_image_700",254988.016,4108044.69,254989.964,4108048.384
"2018_SJER_3_254000_4108000_image_700",254984.254,4108036.019,254985.456,4108037.235
"2018_SJER_3_254000_4108000_image_700",254985.042,4108024.808,254989.994,4108029.904
"2018_SJER_3_254000_4108000_image_700",254979.038,4108029.028,254980.472,4108030.336
"2018_SJER_3_254000_4109000_image_337",254469.004,4109467.153,254478.479,4109476.495
"2018_SJER_3_254000_4109000_image_337",254466.536,4109470.543,254475.996,4109479.949
"2018_SJER_3_254000_4109000_image_337",254483.009,4109480.514,254484.784,4109482.21
"2018_SJER_3_254000_4109000_image_337",254475.529,4109487.578,254477.965,4109493.362
"2018_SJER_3_254000_4109000_image_337",254477.01,4109490.03,254483.498,4109496.96
"2018_SJER_3_254000_4109000_image_337",254475.516,4109493.591,254480.995,4109500.823
"2018_SJER_3_254000_4109000_image_337",254476.502,4109499.512,254483.994,4109505.948
"2018_SJER_3_254000_4109000_image_337",254494.001,4109466.054,254495.989,4109469.976
"2018_SJER_3_254000_4109000_image_337",254494.002,4109470.013,254495.975,4109476.981
"2018_SJER_3_254000_4109000_image_337",254493.503,4109477.002,254495.978,4109479.479
"2018_SJER_3_254000_4109000_image_337",254475.58,4109504.093,254476.065,4109504.976
"2018_SJER_3_254000_4112000_image_145",254190.009,4112611.016,254194.33,4112614.951
"2018_SJER_3_254000_4112000_image_145",254190.002,4112606.707,254195.837,4112612.47
"2018_SJER_3_254000_4112000_image_145",254225.009,4112608.7,254229.983,4112616.997
"2018_SJER_3_254000_4112000_image_145",254221.012,4112609.088,254224.996,4112614.995
"2018_SJER_3_254000_4112000_image_145",254205.116,4112610.004,254212.984,4112616.463
"2018_SJER_3_254000_4112000_image_145",254227,4112603.622,254229.997,4112610.976
"2018_SJER_3_254000_4112000_image_145",254191.511,4112604.156,254197.498,4112610.497
"2018_SJER_3_254000_4112000_image_145",254196.5,4112603.543,254200.479,4112609.963
"2018_SJER_3_254000_4112000_image_145",254224.572,4112606.022,254226.478,4112607.929
"2018_SJER_3_254000_4112000_image_145",254216.01,4112605.008,254218.457,4112607.336
"2018_SJER_3_254000_4112000_image_145",254190.036,4112596.129,254196.425,4112605.491
"2018_SJER_3_254000_4112000_image_145",254218.553,4112594.125,254222.978,4112599.979
"2018_SJER_3_254000_4112000_image_145",254229.006,4112591.579,254229.996,4112594.465
"2018_SJER_3_254000_4112000_image_145",254215.508,4112612.004,254221.485,4112619.371
"2018_SJER_3_254000_4112000_image_145",254219.309,4112614.031,254225.883,4112619.921
"2018_SJER_3_254000_4112000_image_145",254191.518,4112614.264,254197.991,4112619.949
"2018_SJER_3_254000_4112000_image_145",254203.557,4112615.05,254209.369,4112619.941
"2018_SJER_3_254000_4112000_image_145",254197.195,4112615.069,254203.866,4112619.947
"2018_SJER_3_254000_4112000_image_145",254223.52,4112615.598,254228.995,4112619.942
"2018_SJER_3_254000_4112000_image_145",254211.003,4112616.513,254216.484,4112619.949
"2018_SJER_3_254000_4112000_image_235",254304.02,4112272.545,254306.998,4112277.905
"2018_SJER_3_254000_4112000_image_235",254304.024,4112267.113,254311.498,4112274.471
"2018_SJER_3_254000_4112000_image_235",254306.101,4112274.541,254314.991,4112277.946
"2018_SJER_3_254000_4112000_image_235",254306.507,4112270.506,254313.959,4112276.999
"2018_SJER_3_254000_4112000_image_235",254313.018,4112267.502,254322.496,4112276.994
"2018_SJER_3_254000_4112000_image_235",254304.008,4112255.509,254311.495,4112264.474
"2018_SJER_3_254000_4112000_image_235",254304.017,4112262.061,254308.953,4112267.912
"2018_SJER_3_254000_4112000_image_235",254304,4112250.522,254307.975,4112257.988
"2018_SJER_3_254000_4112000_image_235",254325.555,4112271.005,254332.947,4112275.454
"2018_SJER_3_254000_4112000_image_235",254315.081,4112257.005,254321.491,4112262.932
"2018_SJER_3_254000_4112000_image_235",254316.502,4112254.012,254325.999,4112261.363
"2018_SJER_3_254000_4112000_image_235",254311.527,4112249.007,254319.996,4112258
"2018_SJER_3_254000_4112000_image_235",254306,4112247.576,254312.994,4112256.98
"2018_SJER_3_254000_4112000_image_235",254304.004,4112243.516,254308.988,4112250.995
"2018_SJER_3_254000_4112000_image_235",254314.503,4112238.078,254316.998,4112238.997
"2018_SJER_3_254000_4112000_image_235",254311.558,4112238.155,254311.977,4112238.461
"2018_SJER_3_254000_4112000_image_235",254334.024,4112238.049,254343.495,4112242.884
"2018_SJER_3_254000_4112000_image_235",254333.066,4112238.204,254340.998,4112244.994
"2018_SJER_3_254000_4112000_image_235",254328.525,4112255.502,254335.441,4112262.986
"2018_SJER_3_254000_4112000_image_235",254334.02,4112255.003,254343.492,4112264.472
"2018_SJER_3_254000_4112000_image_235",254334,4112256.01,254337.473,4112264.499
"2018_SJER_3_254000_4112000_image_235",254332.804,4112263.515,254339.483,4112270.28
"2018_SJER_3_254000_4112000_image_235",254341.5,4112275.567,254343.994,4112277.945
"2018_SJER_3_254000_4112000_image_235",254334.534,4112276.52,254337.98,4112277.873
"2018_SJER_3_254000_4112000_image_235",254337.103,4112272.651,254340.489,4112275.798
"2018_SJER_3_255000_4103000_image_339",255490.521,4103390.06,255493.985,4103390.995
"2018_SJER_3_255000_4103000_image_339",255487.505,4103398.569,255488.408,4103400
"2018_SJER_3_255000_4103000_image_339",255492.515,4103414.537,255494.433,4103416.335
"2018_SJER_3_255000_4103000_image_98",255114.507,4103345.524,255120.394,4103349.421
"2018_SJER_3_255000_4105000_image_142",255210.004,4105694.051,255219.498,4105700.495
"2018_SJER_3_255000_4105000_image_142",255192.524,4105694.056,255201.973,4105701.492
"2018_SJER_3_255000_4105000_image_142",255190,4105697.002,255198.991,4105705.289
"2018_SJER_3_255000_4105000_image_142",255216.194,4105700.1,255222.987,4105707.485
"2018_SJER_3_255000_4105000_image_142",255190.006,4105703.001,255197.994,4105708.488
"2018_SJER_3_255000_4105000_image_142",255201.112,4105711.165,255201.49,4105711.494
"2018_SJER_3_255000_4105000_image_142",255209.009,4105711.54,255218.474,4105720.492
"2018_SJER_3_255000_4105000_image_142",255222.007,4105713.022,255223.979,4105714.945
"2018_SJER_3_255000_4105000_image_142",255214.031,4105713.511,255221.496,4105720.495
"2018_SJER_3_255000_4105000_image_142",255204.512,4105715.504,255213.401,4105724.991
"2018_SJER_3_255000_4105000_image_142",255228.54,4105716.002,255229.499,4105716.852
"2018_SJER_3_255000_4105000_image_142",255224.509,4105717.501,255229.978,4105723.5
"2018_SJER_3_255000_4105000_image_142",255213.003,4105720.002,255220.998,4105726.996
"2018_SJER_3_255000_4105000_image_142",255208.012,4105721.197,255217.499,4105729.984
"2018_SJER_3_255000_4105000_image_142",255225.006,4105727.023,255225.386,4105727.473
"2018_SJER_3_255000_4105000_image_142",255226.507,4105727.501,255229.713,4105730.895
"2018_SJER_3_255000_4105000_image_142",255227.571,4105730.526,255229.995,4105732.983
"2018_SJER_3_255000_4107000_image_298",255421.011,4107922.052,255429.466,4107926.498
"2018_SJER_3_255000_4107000_image_298",255418.018,4107928.149,255421.489,4107932.992
"2018_SJER_3_255000_4107000_image_298",255422.104,4107933.206,255428.47,4107937.496
"2018_SJER_3_255000_4107000_image_298",255420.011,4107935.018,255426.355,4107943.976
"2018_SJER_3_255000_4107000_image_298",255424.013,4107942.001,255433.473,4107951.473
"2018_SJER_3_255000_4107000_image_298",255418.015,4107945.511,255425.493,4107954.899
"2018_SJER_3_255000_4107000_image_298",255436.507,4107922.05,255440.497,4107929.968
"2018_SJER_3_255000_4107000_image_298",255433.002,4107922.051,255436.497,4107929.962
"2018_SJER_3_255000_4107000_image_298",255427.034,4107922.069,255433.489,4107927.997
"2018_SJER_3_255000_4107000_image_298",255456.01,4107925.263,255457.989,4107932.429
"2018_SJER_3_255000_4107000_image_298",255428.004,4107933.187,255431.451,4107937.82
"2018_SJER_3_255000_4107000_image_298",255442.568,4107939.519,255449.483,4107943.999
"2018_SJER_3_255000_4107000_image_298",255439.507,4107940.821,255444.964,4107946.709
"2018_SJER_3_255000_4107000_image_298",255448,4107940.013,255451.943,4107947.484
"2018_SJER_3_255000_4107000_image_298",255443.568,4107942.091,255447.986,4107947.446
"2018_SJER_3_255000_4107000_image_298",255428.512,4107947.017,255435.991,4107953.972
"2018_SJER_3_255000_4107000_image_369",255494.003,4107307.596,255500.995,4107315.489
"2018_SJER_3_255000_4107000_image_369",255494.005,4107304.099,255500.49,4107310.693
"2018_SJER_3_255000_4107000_image_369",255494.017,4107277.514,255500.985,4107284.951
"2018_SJER_3_255000_4107000_image_369",255496.155,4107276.049,255503.497,4107281
"2018_SJER_3_255000_4107000_image_369",255494.003,4107276.091,255496.389,4107279.286
"2018_SJER_3_255000_4107000_image_369",255513.006,4107310.021,255522.499,4107315.948
"2018_SJER_3_255000_4107000_image_369",255512.014,4107308.021,255521.482,4107315.449
"2018_SJER_3_255000_4107000_image_369",255513.029,4107277.001,255521.471,4107280.992
"2018_SJER_3_255000_4107000_image_369",255512.002,4107276.049,255520.916,4107277.851
"2018_SJER_3_255000_4108000_image_224",255304.003,4108656.199,255306.495,4108659.435
"2018_SJER_3_255000_4108000_image_224",255305.003,4108657.167,255308.491,4108660.458
"2018_SJER_3_255000_4108000_image_224",255304.006,4108669.769,255308.462,4108674.932
"2018_SJER_3_255000_4108000_image_224",255311.028,4108672.046,255314.459,4108675.496
"2018_SJER_3_255000_4108000_image_224",255335,4108661.517,255343.999,4108670.997
"2018_SJER_3_255000_4108000_image_224",255340.013,4108682.01,255343.998,4108691.481
"2018_SJER_3_255000_4108000_image_224",255334.553,4108686.501,255340.499,4108692.405
"2018_SJER_3_255000_4108000_image_256",255370.5,4108493.507,255379.948,4108503
"2018_SJER_3_255000_4108000_image_256",255342,4108490.511,255347.991,4108499.993
"2018_SJER_3_255000_4108000_image_256",255353.001,4108490.005,255360.47,4108498.483
"2018_SJER_3_255000_4108000_image_256",255359.006,4108492.002,255366.489,4108497.882
"2018_SJER_3_255000_4108000_image_256",255357.509,4108486.006,255366.431,4108492
"2018_SJER_3_255000_4108000_image_256",255346.644,4108485.014,255351.493,4108490.677
"2018_SJER_3_255000_4108000_image_256",255355.53,4108483.01,255356.494,4108483.368
"2018_SJER_3_255000_4108000_image_256",255356.026,4108472.504,255364.992,4108480.958
"2018_SJER_3_255000_4108000_image_256",255370.506,4108470.038,255372.485,4108471.989
"2018_SJER_3_255000_4108000_image_256",255351.64,4108469.008,255353.982,4108471.476
"2018_SJER_3_255000_4108000_image_256",255346.5,4108468.02,255349.862,4108471.486
"2018_SJER_3_255000_4108000_image_256",255373.007,4108467.025,255375.997,4108468.981
"2018_SJER_3_255000_4108000_image_256",255371.554,4108466.503,255373.97,4108468.39
"2018_SJER_3_255000_4108000_image_256",255378.018,4108466.053,255380.349,4108467.407
"2018_SJER_3_255000_4108000_image_267",255346.199,4108048.055,255349.955,4108053.43
"2018_SJER_3_255000_4108000_image_267",255353.502,4108049.506,255353.889,4108049.939
"2018_SJER_3_255000_4108000_image_267",255351.004,4108076.536,255356.992,4108081.999
"2018_SJER_3_255000_4108000_image_267",255342,4108074.005,255346.999,4108083.5
"2018_SJER_3_255000_4108000_image_267",255351.007,4108072.057,255358.493,4108081.465
"2018_SJER_3_255000_4108000_image_267",255361.015,4108068.517,255362.995,4108071.48
"2018_SJER_3_255000_4108000_image_267",255354.505,4108060.019,255358.952,4108067.944
"2018_SJER_3_255000_4108000_image_267",255349.069,4108060.549,255354.991,4108067.954
"2018_SJER_3_255000_4108000_image_267",255359.03,4108062.011,255363.429,4108064.851
"2018_SJER_3_255000_4108000_image_267",255360.004,4108055.33,255362.956,4108061.488
"2018_SJER_3_255000_4108000_image_267",255348.523,4108056.591,255353.873,4108063.45
"2018_SJER_3_255000_4108000_image_267",255352.018,4108056.168,255359.486,4108060.997
"2018_SJER_3_255000_4108000_image_267",255369.18,4108083.224,255376.987,4108087.947
"2018_SJER_3_255000_4108000_image_267",255364.69,4108084.015,255369.969,4108087.948
"2018_SJER_3_255000_4108000_image_267",255376.548,4108075.517,255381.996,4108084.998
"2018_SJER_3_255000_4108000_image_267",255372.51,4108075.702,255377.999,4108083.995
"2018_SJER_3_255000_4108000_image_267",255380.012,4108066.507,255381.999,4108072.466
"2018_SJER_3_255000_4108000_image_267",255374.733,4108061.14,255380.476,4108067.989
"2018_SJER_3_255000_4108000_image_267",255367.047,4108058.025,255373.945,4108067.494
"2018_SJER_3_255000_4108000_image_267",255369.511,4108055.512,255378.439,4108063.98
"2018_SJER_3_255000_4108000_image_93",255114.002,4108509.009,255123.491,4108517.999
"2018_SJER_3_255000_4108000_image_93",255133.019,4108504.085,255141.448,4108511.498
"2018_SJER_3_255000_4108000_image_93",255125.569,4108504.049,255132.993,4108511.984
"2018_SJER_3_255000_4108000_image_93",255128.589,4108504.049,255135.997,4108508.976
"2018_SJER_3_255000_4108000_image_93",255114.006,4108521.51,255116.484,4108523.988
"2018_SJER_3_255000_4108000_image_93",255114,4108527.004,255118.994,4108536.388
"2018_SJER_3_255000_4108000_image_93",255114.01,4108536.125,255116.982,4108543.845
"2018_SJER_3_255000_4108000_image_93",255114.5,4108538.503,255118.48,4108543.943
"2018_SJER_3_255000_4108000_image_93",255128.536,4108523.12,255135.998,4108532.459
"2018_SJER_3_255000_4108000_image_93",255136.001,4108524.504,255144.991,4108533.986
"2018_SJER_3_255000_4108000_image_93",255130.527,4108528.013,255139.986,4108535.994
"2018_SJER_3_255000_4108000_image_93",255115.008,4108529.505,255120.494,4108538.993
"2018_SJER_3_255000_4108000_image_93",255144.011,4108532.7,255153.491,4108540.498
"2018_SJER_3_255000_4108000_image_93",255127.501,4108534.503,255133.992,4108543.836
"2018_SJER_3_255000_4108000_image_93",255142.52,4108535.213,255150.499,4108543.924
"2018_SJER_3_255000_4108000_image_93",255133.502,4108536.001,255139.991,4108543.871
"2018_SJER_3_255000_4108000_image_93",255129.018,4108541.007,255138.467,4108543.948
"2018_SJER_3_255000_4108000_image_93",255123.146,4108543.028,255123.485,4108543.39
"2018_TEAK_3_313000_4106000_image_455",313646.04,4106123.549,313648.951,4106125.871
"2018_TEAK_3_313000_4106000_image_455",313615.138,4106121.042,313624.242,4106125.925
"2018_TEAK_3_313000_4106000_image_455",313645.882,4106118.503,313648.959,4106123.94
"2018_TEAK_3_313000_4106000_image_455",313611.51,4106116.015,313620.983,4106125.491
"2018_TEAK_3_313000_4106000_image_455",313644.714,4106115.818,313646.966,4106118.362
"2018_TEAK_3_313000_4106000_image_455",313647.663,4106095.088,313648.964,4106097.383
"2018_TEAK_3_313000_4106000_image_455",313633.525,4106087.504,313642.825,4106096.961
"2018_TEAK_3_313000_4106000_image_455",313616.945,4106086.086,313625.488,4106092.975
"2018_TEAK_3_313000_4106000_image_455",313609,4106086.051,313612.493,4106089.283
"2018_TEAK_3_313000_4106000_image_455",313630.039,4106086.397,313630.847,4106086.949
"2018_TEAK_3_314000_4099000_image_334",314494.105,4099580.178,314495.995,4099583.496
"2018_TEAK_3_314000_4099000_image_334",314482.273,4099582.528,314485.957,4099586.419
"2018_TEAK_3_314000_4099000_image_334",314484.158,4099583.549,314491.495,4099589.377
"2018_TEAK_3_314000_4099000_image_334",314489.698,4099583.56,314495.998,4099589.225
"2018_TEAK_3_314000_4099000_image_334",314482.072,4099587.069,314488.451,4099592.99
"2018_TEAK_3_314000_4099000_image_334",314488.511,4099593.028,314495.988,4099601.777
"2018_TEAK_3_314000_4099000_image_334",314485.713,4099599.149,314493.449,4099608.326
"2018_TEAK_3_314000_4099000_image_334",314482.58,4099607.007,314491.34,4099616.438
"2018_TEAK_3_314000_4099000_image_334",314490.862,4099609.204,314495.992,4099614.848
"2018_TEAK_3_314000_4099000_image_334",314477.024,4099613.479,314479.784,4099616.496
"2018_TEAK_3_314000_4099000_image_334",314490.835,4099614.568,314495.988,4099619.585
"2018_TEAK_3_314000_4099000_image_334",314480.551,4099616.506,314483.397,4099619.84
"2018_TEAK_3_314000_4099000_image_334",314456.135,4099617.214,314462.903,4099619.936
"2018_TEAK_3_314000_4099000_image_334",314456.006,4099612.512,314462.878,4099618.49
"2018_TEAK_3_314000_4099000_image_334",314467.02,4099605.002,314475.209,4099614.488
"2018_TEAK_3_314000_4099000_image_334",314456.043,4099608.104,314457.875,4099612.233
"2018_TEAK_3_314000_4099000_image_334",314459.101,4099607.015,314463.361,4099611.977
"2018_TEAK_3_314000_4099000_image_334",314456.041,4099605.749,314460.859,4099611.997
"2018_TEAK_3_314000_4099000_image_334",314456.139,4099599.507,314461.495,4099605.948
"2018_TEAK_3_314000_4099000_image_334",314461.062,4099596.524,314467.449,4099605.427
"2018_TEAK_3_314000_4099000_image_334",314468.504,4099596.305,314476.963,4099604.493
"2018_TEAK_3_314000_4099000_image_334",314456.076,4099594.968,314465.439,4099600.179
"2018_TEAK_3_314000_4099000_image_334",314471.712,4099585.033,314478.459,4099591.482
"2018_TEAK_3_314000_4099000_image_334",314456.007,4099585.004,314459.479,4099589.492
"2018_TEAK_3_314000_4099000_image_334",314456.292,4099580.055,314458.92,4099580.616
"2018_TEAK_3_314000_4099000_image_334",314475.592,4099580.049,314477.964,4099581.91
"2018_TEAK_3_314000_4099000_image_334",314479.586,4099593.233,314479.876,4099593.303
"2018_TEAK_3_314000_4108000_image_86",314143.175,4108307.143,314150.171,4108313.504
"2018_TEAK_3_314000_4108000_image_86",314139.627,4108308.864,314145.814,4108313.858
"2018_TEAK_3_314000_4108000_image_86",314116.518,4108309.029,314123.472,4108313.823
"2018_TEAK_3_314000_4108000_image_86",314145.75,4108302.673,314152.991,4108308.707
"2018_TEAK_3_314000_4108000_image_86",314125.155,4108307.512,314126.253,4108309.879
"2018_TEAK_3_314000_4108000_image_86",314129.456,4108300.621,314133.773,4108306.11
"2018_TEAK_3_314000_4108000_image_86",314126.881,4108299.526,314131.975,4108305.558
"2018_TEAK_3_314000_4108000_image_86",314114.013,4108297.979,314117.979,4108303.885
"2018_TEAK_3_314000_4108000_image_86",314120.512,4108297.53,314125.481,4108302.318
"2018_TEAK_3_314000_4108000_image_86",314115.51,4108292.225,314122.858,4108300.198
"2018_TEAK_3_314000_4108000_image_86",314114.005,4108289.013,314119.937,4108294.452
"2018_TEAK_3_314000_4108000_image_86",314143.992,4108286.502,314147.415,4108290.08
"2018_TEAK_3_314000_4108000_image_86",314135.543,4108287.518,314136.595,4108288.099
"2018_TEAK_3_314000_4108000_image_86",314114.024,4108285.714,314118.068,4108288.987
"2018_TEAK_3_314000_4108000_image_86",314121.54,4108274.003,314128.278,4108278.07
"2018_TEAK_3_314000_4108000_image_86",314138.271,4108274.216,314142.169,4108275.5
"2018_TEAK_3_315000_4096000_image_163",315230.12,4096925.018,315231.965,4096926.215
"2018_TEAK_3_315000_4096000_image_163",315256.02,4096923.002,315262.336,4096930.988
"2018_TEAK_3_315000_4096000_image_163",315260.616,4096922.05,315267.987,4096926.916
"2018_TEAK_3_315000_4096000_image_163",315239.058,4096931.509,315244.911,4096935.453
"2018_TEAK_3_315000_4096000_image_163",315251.01,4096931.18,315257.683,4096939.493
"2018_TEAK_3_315000_4096000_image_163",315242.115,4096934.019,315246.434,4096938.968
"2018_TEAK_3_315000_4096000_image_163",315245.715,4096934.504,315249.963,4096939.487
"2018_TEAK_3_315000_4096000_image_163",315255.504,4096933.501,315261.499,4096939.992
"2018_TEAK_3_315000_4096000_image_163",315265.526,4096936.532,315267.984,4096943.224
"2018_TEAK_3_315000_4096000_image_163",315261.033,4096951.531,315267.98,4096959.763
"2018_TEAK_3_315000_4101000_image_600",315845.518,4101734.016,315852.387,4101743.293
"2018_TEAK_3_315000_4101000_image_600",315854.037,4101736.708,315858.911,4101741.472
"2018_TEAK_3_315000_4101000_image_600",315866.001,4101737.013,315875.487,4101746.497
"2018_TEAK_3_315000_4101000_image_600",315839.033,4101742.54,315845.432,4101750.984
"2018_TEAK_3_315000_4101000_image_600",315849.505,4101743.505,315855.984,4101749.756
"2018_TEAK_3_315000_4101000_image_600",315841.531,4101746.035,315850.988,4101753.847
"2018_TEAK_3_315000_4101000_image_600",315853.509,4101749.445,315858.438,4101755.819
"2018_TEAK_3_315000_4101000_image_600",315850.005,4101753.757,315855.32,4101759.927
"2018_TEAK_3_315000_4101000_image_600",315837.556,4101757.549,315843.491,4101763.402
"2018_TEAK_3_315000_4101000_image_600",315849.013,4101761.505,315858.482,4101770.996
"2018_TEAK_3_315000_4101000_image_600",315872.505,4101768.525,315875.982,4101771.935
"2018_TEAK_3_315000_4101000_image_600",315838.204,4101769.545,315843.972,4101771.939
"2018_TEAK_3_315000_4103000_image_87",315128.79,4103732.135,315130.434,4103732.892
"2018_TEAK_3_315000_4103000_image_87",315137.03,4103732.08,315140.707,4103732.631
"2018_TEAK_3_315000_4103000_image_87",315143.108,4103732.054,315148.352,4103735.977
"2018_TEAK_3_315000_4103000_image_87",315117.539,4103733.009,315121.485,4103737.437
"2018_TEAK_3_315000_4103000_image_87",315145.546,4103733.18,315150.915,4103737.907
"2018_TEAK_3_315000_4103000_image_87",315127.171,4103735.543,315136.485,4103741.352
"2018_TEAK_3_315000_4103000_image_87",315137.521,4103737.269,315143.363,4103744.492
"2018_TEAK_3_315000_4103000_image_87",315127.516,4103738.506,315135.484,4103744.476
"2018_TEAK_3_315000_4103000_image_87",315147.127,4103739.576,315150.817,4103743.456
"2018_TEAK_3_315000_4103000_image_87",315151.085,4103741.104,315153.963,4103745.788
"2018_TEAK_3_315000_4103000_image_87",315119.509,4103743.018,315123.493,4103748.365
"2018_TEAK_3_315000_4103000_image_87",315128.541,4103743.115,315134.949,4103751.499
"2018_TEAK_3_315000_4103000_image_87",315139.201,4103743.814,315145.474,4103748.951
"2018_TEAK_3_315000_4103000_image_87",315152.105,4103746.134,315153.994,4103750.89
"2018_TEAK_3_315000_4103000_image_87",315139.522,4103747.131,315147.496,4103755.986
"2018_TEAK_3_315000_4103000_image_87",315117.091,4103751.11,315121.987,4103754.525
"2018_TEAK_3_315000_4103000_image_87",315124.531,4103754.185,315127.498,4103757.823
"2018_TEAK_3_315000_4103000_image_87",315143.569,4103753.183,315151.213,4103762.494
"2018_TEAK_3_315000_4103000_image_87",315124.03,4103755.185,315128.462,4103760.757
"2018_TEAK_3_315000_4103000_image_87",315150.01,4103757.106,315153.986,4103766.426
"2018_TEAK_3_315000_4103000_image_87",315118.009,4103758.026,315121.457,4103761.722
"2018_TEAK_3_315000_4103000_image_87",315129.112,4103759.339,315132.95,4103763.442
"2018_TEAK_3_315000_4103000_image_87",315146.007,4103759.759,315153.958,4103768.405
"2018_TEAK_3_315000_4103000_image_87",315131.83,4103759.637,315134.975,4103767.162
"2018_TEAK_3_315000_4103000_image_87",315142.623,4103762.604,315148.681,4103769.459
"2018_TEAK_3_315000_4103000_image_87",315124.25,4103762.635,315126.279,4103764.934
"2018_TEAK_3_315000_4103000_image_87",315117.507,4103764.67,315122.005,4103770.266
"2018_TEAK_3_315000_4103000_image_87",315135.146,4103764.44,315136.92,4103767.596
"2018_TEAK_3_315000_4103000_image_87",315114.01,4103765.726,315114.737,4103767.819
"2018_TEAK_3_315000_4103000_image_87",315149.041,4103767.304,315153.979,4103771.947
"2018_TEAK_3_315000_4103000_image_87",315120.673,4103767.544,315126.304,4103771.937
"2018_TEAK_3_315000_4103000_image_87",315127.042,4103767.783,315134.406,4103771.948
"2018_TEAK_3_315000_4103000_image_87",315144.867,4103768.632,315150.3,4103771.901
"2018_TEAK_3_315000_4103000_image_87",315114.103,4103770.542,315116.951,4103771.87
"2018_TEAK_3_315000_4103000_image_87",315116.679,4103770.507,315119.95,4103771.933
"2018_TEAK_3_315000_4103000_image_87",315140.001,4103770.556,315141.905,4103771.919
"2018_TEAK_3_315000_4107000_image_237",315318.028,4107162.069,315324.91,4107165.362
"2018_TEAK_3_315000_4107000_image_237",315304.001,4107163.575,315310.49,4107172.361
"2018_TEAK_3_315000_4107000_image_237",315310.515,4107164.341,315317.482,4107170.888
"2018_TEAK_3_315000_4107000_image_237",315322.542,4107164.112,315327.005,4107171.294
"2018_TEAK_3_315000_4107000_image_237",315336.536,4107169.002,315343.992,4107178.461
"2018_TEAK_3_315000_4107000_image_237",315334.121,4107174.029,315340.343,4107180.222
"2018_TEAK_3_315000_4107000_image_237",315304.01,4107174.764,315310.406,4107183.998
"2018_TEAK_3_315000_4107000_image_237",315317.563,4107177.987,315322.97,4107185.776
"2018_TEAK_3_315000_4107000_image_237",315320.501,4107179.029,315328.346,4107186.798
"2018_TEAK_3_315000_4107000_image_237",315330.55,4107183.567,315335.33,4107188.662
"2018_TEAK_3_315000_4107000_image_237",315321.032,4107184.507,315328.994,4107190.963
"2018_TEAK_3_315000_4107000_image_237",315342.121,4107184.536,315343.984,4107188.049
"2018_TEAK_3_315000_4107000_image_237",315312.803,4107187.51,315319.486,4107194.964
"2018_TEAK_3_315000_4107000_image_237",315304.044,4107190.649,315309.466,4107198.655
"2018_TEAK_3_315000_4107000_image_237",315308.181,4107191.128,315314.972,4107196.977
"2018_TEAK_3_315000_4107000_image_237",315332.578,4107195.719,315338.48,4107200.963
"2018_TEAK_3_315000_4107000_image_237",315308.528,4107196.699,315312.961,4107201.947
"2018_TEAK_3_315000_4107000_image_237",315305.513,4107197.028,315309.398,4107201.938
"2018_TEAK_3_315000_4107000_image_237",315331.82,4107199.503,315338.074,4107201.941
"2018_TEAK_3_315000_4107000_image_237",315320.117,4107199.803,315324.87,4107201.876
"2018_TEAK_3_316000_4091000_image_446",316611.672,4091464.346,316614.568,4091467.756
"2018_TEAK_3_316000_4091000_image_446",316617.018,4091463.053,316622.847,4091467.94
"2018_TEAK_3_316000_4091000_image_446",316616.506,4091461.816,316620.892,4091467.484
"2018_TEAK_3_316000_4091000_image_446",316608.042,4091462.595,316609.457,4091466.48
"2018_TEAK_3_316000_4091000_image_446",316643.614,4091463.767,316647.828,4091467.848
"2018_TEAK_3_316000_4091000_image_446",316636.504,4091456.514,316645.971,4091465.995
"2018_TEAK_3_316000_4091000_image_446",316623.018,4091455.049,316632.476,4091464.492
"2018_TEAK_3_316000_4091000_image_446",316608.16,4091458.396,316609.99,4091459.436
"2018_TEAK_3_316000_4091000_image_446",316638.504,4091450.011,316647.982,4091458.999
"2018_TEAK_3_316000_4091000_image_446",316609.087,4091452.292,316611.578,4091454.157
"2018_TEAK_3_316000_4091000_image_446",316611.014,4091445.345,316616.822,4091451.492
"2018_TEAK_3_316000_4091000_image_446",316615.586,4091432.779,316617.46,4091435.7
"2018_TEAK_3_316000_4091000_image_446",316615.815,4091428.35,316617.259,4091428.927
"2018_TEAK_3_316000_4092000_image_438",316643.088,4092767.763,316647.987,4092771.906
"2018_TEAK_3_316000_4092000_image_438",316638.98,4092763.467,316645.987,4092771.936
"2018_TEAK_3_316000_4092000_image_438",316635.076,4092762.205,316640.893,4092771.455
"2018_TEAK_3_316000_4092000_image_438",316630.21,4092758.537,316635.624,4092765.362
"2018_TEAK_3_316000_4092000_image_438",316610.328,4092763.557,316612.849,4092765.444
"2018_TEAK_3_316000_4092000_image_438",316639.047,4092755.042,316646.764,4092763.593
"2018_TEAK_3_316000_4092000_image_438",316612.356,4092761.003,316615.466,4092764.093
"2018_TEAK_3_316000_4092000_image_438",316608.001,4092754.569,316612.401,4092763.21
"2018_TEAK_3_316000_4092000_image_438",316617.725,4092755.745,316618.568,4092756.969
"2018_TEAK_3_316000_4092000_image_438",316620.531,4092743.694,316629.957,4092753
"2018_TEAK_3_316000_4092000_image_438",316646.151,4092748.304,316647.962,4092750.924
"2018_TEAK_3_316000_4092000_image_438",316640.206,4092748.62,316641.96,4092750.594
"2018_TEAK_3_316000_4092000_image_438",316614.041,4092740.555,316623.476,4092749.822
"2018_TEAK_3_316000_4092000_image_438",316646.173,4092738.592,316647.989,4092744.489
"2018_TEAK_3_316000_4092000_image_438",316608.53,4092732.069,316617.955,4092740.969
"2018_TEAK_3_316000_4092000_image_438",316618.526,4092732.057,316627.969,4092738.428
"2018_TEAK_3_316000_4092000_image_438",316639.031,4092732.058,316645.839,4092737.997
"2018_TEAK_3_316000_4092000_image_438",316633.96,4092732.119,316639.626,4092736.322
"2018_TEAK_3_316000_4092000_image_620",316841.619,4092001.514,316846.964,4092006.298
"2018_TEAK_3_316000_4092000_image_620",316836.009,4092002.109,316841.846,4092008.461
"2018_TEAK_3_316000_4092000_image_620",316848.611,4092002.121,316849.71,4092002.988
"2018_TEAK_3_316000_4092000_image_620",316852.007,4092002.002,316861.496,4092011.342
"2018_TEAK_3_316000_4092000_image_620",316871.021,4092001.501,316875.996,4092010.999
"2018_TEAK_3_316000_4092000_image_620",316837.516,4092004.551,316843.928,4092009.444
"2018_TEAK_3_316000_4092000_image_620",316846.007,4092007.017,316853.422,4092016.484
"2018_TEAK_3_316000_4092000_image_620",316850.562,4092009.038,316859.993,4092017.469
"2018_TEAK_3_316000_4092000_image_620",316869.121,4092016.521,316875.781,4092024.954
"2018_TEAK_3_316000_4092000_image_620",316849.733,4092018.11,316857.961,4092026.952
"2018_TEAK_3_316000_4092000_image_620",316840,4092020.536,316848.949,4092029.988
"2018_TEAK_3_316000_4092000_image_620",316858.005,4092028.007,316867.476,4092037.497
"2018_TEAK_3_316000_4092000_image_620",316855.002,4092036.2,316864.49,4092039.824
"2018_TEAK_3_316000_4092000_image_620",316843.119,4092037.536,316846.938,4092039.936
"2018_TEAK_3_316000_4092000_image_620",316868.566,4092038.21,316873.98,4092039.946
"2018_TEAK_3_316000_4093000_image_59",316087.051,4093805.613,316091.984,4093809.949
"2018_TEAK_3_316000_4093000_image_59",316090.764,4093805.229,316095.548,4093809.892
"2018_TEAK_3_316000_4093000_image_59",316097.027,4093808.519,316100.406,4093809.949
"2018_TEAK_3_316000_4093000_image_59",316103.517,4093805.034,316111.392,4093809.796
"2018_TEAK_3_316000_4093000_image_59",316086.779,4093800.163,316094.487,4093807.818
"2018_TEAK_3_316000_4093000_image_59",316110.601,4093796.243,316115.992,4093803.892
"2018_TEAK_3_316000_4093000_image_59",316104.519,4093794.649,316112.461,4093803.992
"2018_TEAK_3_316000_4093000_image_59",316076.038,4093797.007,316080.286,4093804.49
"2018_TEAK_3_316000_4093000_image_59",316095.147,4093796.148,316104.031,4093803.713
"2018_TEAK_3_316000_4093000_image_59",316083.002,4093799.02,316089.455,4093803.479
"2018_TEAK_3_316000_4093000_image_59",316102.013,4093794.177,316107.866,4093802.88
"2018_TEAK_3_316000_4093000_image_59",316092.501,4093795.513,316097.759,4093801.795
"2018_TEAK_3_316000_4093000_image_59",316088.63,4093796.678,316093.988,4093801.829
"2018_TEAK_3_316000_4093000_image_59",316082.096,4093793.022,316088.87,4093799.476
"2018_TEAK_3_316000_4093000_image_59",316085.745,4093792.108,316092.939,4093797.981
"2018_TEAK_3_316000_4093000_image_59",316098.061,4093789.638,316106.366,4093797.418
"2018_TEAK_3_316000_4093000_image_59",316091.25,4093791.516,316098.376,4093795.498
"2018_TEAK_3_316000_4093000_image_59",316076.038,4093786.039,316082.491,4093795.36
"2018_TEAK_3_316000_4093000_image_59",316111.039,4093783.848,316115.967,4093791.975
"2018_TEAK_3_316000_4093000_image_59",316090.632,4093787.3,316098.478,4093792.442
"2018_TEAK_3_316000_4093000_image_59",316085.537,4093785.324,316092.387,4093791.772
"2018_TEAK_3_316000_4093000_image_59",316099.02,4093778.587,316108.432,4093787.992
"2018_TEAK_3_316000_4093000_image_59",316076.043,4093783.115,316077.947,4093787.815
"2018_TEAK_3_316000_4093000_image_59",316079.553,4093779.069,316086.48,4093785.899
"2018_TEAK_3_316000_4093000_image_59",316106.506,4093776.317,316115.848,4093784.487
"2018_TEAK_3_316000_4093000_image_59",316085.665,4093776.055,316093.446,4093784.5
"2018_TEAK_3_316000_4093000_image_59",316076.016,4093778.115,316079.981,4093782.727
"2018_TEAK_3_316000_4093000_image_59",316093.176,4093772.605,316100.08,4093781.695
"2018_TEAK_3_316000_4093000_image_59",316078.51,4093772.534,316086.499,4093779.699
"2018_TEAK_3_316000_4093000_image_59",316105.042,4093771.508,316114.468,4093778.603
"2018_TEAK_3_316000_4093000_image_59",316096.965,4093770.299,316105.341,4093778.315
"2018_TEAK_3_316000_4093000_image_59",316082.01,4093770.278,316090.887,4093777.86
"2018_TEAK_3_316000_4093000_image_59",316076.003,4093772.67,316078.211,4093777.708
"2018_TEAK_3_316000_4093000_image_59",316088.456,4093770.099,316095.498,4093773.972
"2018_TEAK_3_316000_4093000_image_59",316076.004,4093770.049,316079.977,4093773.456
"2018_TEAK_3_316000_4095000_image_397",316536.115,4095274.519,316541.498,4095277.942
"2018_TEAK_3_316000_4095000_image_397",316568.001,4095270.31,316571.96,4095277.928
"2018_TEAK_3_316000_4095000_image_397",316560.521,4095272.896,316564.987,4095277.738
"2018_TEAK_3_316000_4095000_image_397",316546.037,4095275.525,316549.076,4095277.949
"2018_TEAK_3_316000_4095000_image_397",316534.006,4095270.605,316538.491,4095276.475
"2018_TEAK_3_316000_4095000_image_397",316548.018,4095269.552,316552.894,4095276.778
"2018_TEAK_3_316000_4095000_image_397",316532.01,4095271.809,316533.949,4095275.474
"2018_TEAK_3_316000_4095000_image_397",316557.044,4095270.001,316560.492,4095275.225
"2018_TEAK_3_316000_4095000_image_397",316563.14,4095264.63,316566.519,4095273.74
"2018_TEAK_3_316000_4095000_image_397",316559.728,4095269.741,316564.418,4095273.27
"2018_TEAK_3_316000_4095000_image_397",316546.866,4095267.172,316550.492,4095271.988
"2018_TEAK_3_316000_4095000_image_397",316532.544,4095265.266,316537.488,4095271.267
"2018_TEAK_3_316000_4095000_image_397",316556.526,4095265.515,316560.461,4095269.934
"2018_TEAK_3_316000_4095000_image_397",316565.58,4095265.737,316569.416,4095269.815
"2018_TEAK_3_316000_4095000_image_397",316560.11,4095264.51,316563.953,4095269.966
"2018_TEAK_3_316000_4095000_image_397",316541.111,4095260.663,316545.495,4095266.457
"2018_TEAK_3_316000_4095000_image_397",316532.018,4095259.526,316536.203,4095265.784
"2018_TEAK_3_316000_4095000_image_397",316566.015,4095262.183,316569.86,4095265.962
"2018_TEAK_3_316000_4095000_image_397",316544.026,4095258.654,316550.393,4095264.043
"2018_TEAK_3_316000_4095000_image_397",316557.216,4095258.176,316561.486,4095263.494
"2018_TEAK_3_316000_4095000_image_397",316533.366,4095255.591,316538.352,4095260.992
"2018_TEAK_3_316000_4095000_image_397",316538.003,4095254.17,316543.944,4095261.206
"2018_TEAK_3_316000_4095000_image_397",316565.059,4095258.009,316569.938,4095262.297
"2018_TEAK_3_316000_4095000_image_397",316543.884,4095255.515,316548.866,4095260.28
"2018_TEAK_3_316000_4095000_image_397",316532,4095252.404,316534.496,4095259.615
"2018_TEAK_3_316000_4095000_image_397",316548.077,4095255.059,316554.108,4095260.386
"2018_TEAK_3_316000_4095000_image_397",316567.243,4095255.526,316571.808,4095260.231
"2018_TEAK_3_316000_4095000_image_397",316560.115,4095254.588,316567.409,4095259.982
"2018_TEAK_3_316000_4095000_image_397",316555.651,4095255.868,316558.781,4095260.457
"2018_TEAK_3_316000_4095000_image_397",316550.02,4095251.082,316555.312,4095256.574
"2018_TEAK_3_316000_4095000_image_397",316532.566,4095250.592,316537.355,4095256
"2018_TEAK_3_316000_4095000_image_397",316567.145,4095252.208,316571.992,4095256.443
"2018_TEAK_3_316000_4095000_image_397",316560.526,4095250.764,316566.996,4095255.165
"2018_TEAK_3_316000_4095000_image_397",316555.062,4095250.547,316560.493,4095255.834
"2018_TEAK_3_316000_4095000_image_397",316562.07,4095248.048,316568.972,4095253.463
"2018_TEAK_3_316000_4095000_image_397",316542.07,4095247.909,316545.49,4095251.458
"2018_TEAK_3_316000_4095000_image_397",316557.007,4095245.52,316561.951,4095251.001
"2018_TEAK_3_316000_4095000_image_397",316568.587,4095244.877,316571.939,4095249.996
"2018_TEAK_3_316000_4095000_image_397",316536.155,4095243.079,316540.892,4095247.383
"2018_TEAK_3_316000_4095000_image_397",316532.045,4095240.053,316537.168,4095246.557
"2018_TEAK_3_316000_4095000_image_397",316546.002,4095238.554,316550.471,4095245.5
"2018_TEAK_3_316000_4095000_image_397",316568.099,4095241.589,316570.975,4095245.942
"2018_TEAK_3_316000_4095000_image_397",316570.069,4095241.119,316571.981,4095244.444
"2018_TEAK_3_316000_4095000_image_397",316553.005,4095239.106,316557.942,4095243.633
"2018_TEAK_3_316000_4095000_image_397",316558.595,4095238.192,316562.713,4095242.558
"2018_TEAK_3_316000_4095000_image_397",316555.965,4095238.074,316560.734,4095242.458
"2018_TEAK_3_316000_4095000_image_397",316547.629,4095238.151,316551.849,4095241.908
"2018_TEAK_3_316000_4095000_image_397",316564.401,4095238.253,316567.418,4095241.866
"2018_TEAK_3_316000_4095000_image_397",316538.316,4095238.056,316542.973,4095239.899
"2018_TEAK_3_316000_4095000_image_397",316566.457,4095238.198,316571.494,4095241.199
"2018_TEAK_3_316000_4097000_image_35",316046.505,4097656.049,316054.498,4097661.495
"2018_TEAK_3_316000_4097000_image_35",316054.5,4097656.053,316062.32,4097661.493
"2018_TEAK_3_316000_4097000_image_35",316038.005,4097656.081,316045.48,4097661.96
"2018_TEAK_3_316000_4097000_image_35",316069.57,4097656.087,316076.489,4097662.088
"2018_TEAK_3_316000_4097000_image_35",316075.122,4097656.077,316077.946,4097660.135
"2018_TEAK_3_316000_4097000_image_35",316062.036,4097657.024,316071.489,4097666.498
"2018_TEAK_3_316000_4097000_image_35",316041.533,4097659.563,316048.901,4097668.456
"2018_TEAK_3_316000_4097000_image_35",316038.012,4097661.003,316041.927,4097665.933
"2018_TEAK_3_316000_4097000_image_35",316073.495,4097660.519,316077.996,4097667.697
"2018_TEAK_3_316000_4097000_image_35",316050.06,4097663.012,316057.495,4097671.48
"2018_TEAK_3_316000_4097000_image_35",316048.034,4097664.507,316053.458,4097671.41
"2018_TEAK_3_316000_4097000_image_35",316057.005,4097663.525,316064.168,4097672.962
"2018_TEAK_3_316000_4097000_image_35",316038.093,4097666.025,316043.9,4097670.449
"2018_TEAK_3_316000_4097000_image_35",316041.541,4097666.697,316049.416,4097674.462
"2018_TEAK_3_316000_4097000_image_35",316059.02,4097667.009,316067.496,4097676.471
"2018_TEAK_3_316000_4097000_image_35",316072.135,4097667.016,316077.998,4097675.485
"2018_TEAK_3_316000_4097000_image_35",316048.072,4097670.513,316056.979,4097676.42
"2018_TEAK_3_316000_4097000_image_35",316049.516,4097673.573,316058.992,4097682.997
"2018_TEAK_3_316000_4097000_image_35",316038.009,4097674.844,316040.166,4097680.318
"2018_TEAK_3_316000_4097000_image_35",316063.048,4097678.001,316071.996,4097685.456
"2018_TEAK_3_316000_4097000_image_35",316073.005,4097679.069,316077.979,4097685.473
"2018_TEAK_3_316000_4097000_image_35",316044.032,4097683.033,316052.986,4097692.487
"2018_TEAK_3_316000_4097000_image_35",316069.005,4097683.088,316074.874,4097692.469
"2018_TEAK_3_316000_4097000_image_35",316062.009,4097685.004,316068.985,4097692.487
"2018_TEAK_3_316000_4097000_image_35",316074.506,4097685.504,316077.926,4097692.469
"2018_TEAK_3_316000_4097000_image_35",316050.566,4097690.036,316059.726,4097695.948
"2018_TEAK_3_316000_4097000_image_35",316059.256,4097691.023,316067.999,4097695.947
"2018_TEAK_3_316000_4097000_image_35",316068.593,4097691.275,316077.967,4097695.935
"2018_TEAK_3_316000_4097000_image_35",316038.006,4097687.062,316043.984,4097695.486
"2018_TEAK_3_316000_4097000_image_35",316038.002,4097682.084,316041.407,4097687.887
"2018_TEAK_3_316000_4097000_image_35",316038.051,4097671.505,316039.361,4097674.351
"2018_TEAK_3_316000_4097000_image_493",316720.655,4097694.1,316723.987,4097700.371
"2018_TEAK_3_316000_4097000_image_493",316717.274,4097694.131,316721.934,4097697.391
"2018_TEAK_3_316000_4097000_image_493",316715.6,4097696.255,316719.474,4097702.492
"2018_TEAK_3_316000_4097000_image_493",316720.001,4097700.632,316723.977,4097707.95
"2018_TEAK_3_316000_4097000_image_493",316711.557,4097697.706,316715.954,4097703.485
"2018_TEAK_3_316000_4097000_image_493",316713.012,4097707.51,316721.99,4097716.981
"2018_TEAK_3_316000_4097000_image_493",316704.504,4097706.131,316712.423,4097713.97
"2018_TEAK_3_316000_4097000_image_493",316702.321,4097705.048,316706.992,4097712.44
"2018_TEAK_3_316000_4097000_image_493",316699.231,4097712.257,316704.919,4097718.389
"2018_TEAK_3_316000_4097000_image_493",316702.17,4097713.512,316708.772,4097719.965
"2018_TEAK_3_316000_4097000_image_493",316710.189,4097717.525,316717.658,4097725.875
"2018_TEAK_3_316000_4097000_image_493",316706.543,4097719.502,316711.264,4097725.95
"2018_TEAK_3_316000_4097000_image_493",316697.551,4097719.53,316702.442,4097725.997
"2018_TEAK_3_316000_4097000_image_493",316702.144,4097720.017,316707.469,4097724.871
"2018_TEAK_3_316000_4097000_image_493",316692.645,4097722.036,316697.465,4097726.979
"2018_TEAK_3_316000_4097000_image_493",316693.678,4097725.023,316699.33,4097729.455
"2018_TEAK_3_316000_4097000_image_493",316699.016,4097726.812,316702.833,4097730.029
"2018_TEAK_3_316000_4097000_image_493",316709.735,4097729.205,316712.95,4097733.897
"2018_TEAK_3_316000_4097000_image_493",316702.536,4097729.111,316708.848,4097733.949
"2018_TEAK_3_316000_4097000_image_493",316694.674,4097729.501,316699.379,4097733.363
"2018_TEAK_3_316000_4097000_image_493",316689.019,4097726.215,316695.005,4097731.493
"2018_TEAK_3_316000_4097000_image_493",316718.539,4097731.211,316722.43,4097733.945
"2018_TEAK_3_316000_4097000_image_493",316690.167,4097731.556,316693.499,4097733.949
"2018_TEAK_3_316000_4097000_image_493",316686.304,4097730.656,316690.498,4097733.949
"2018_TEAK_3_316000_4097000_image_493",316684.028,4097723.014,316688.994,4097728.953
"2018_TEAK_3_316000_4097000_image_493",316684.013,4097719.043,316688.436,4097725.494
"2018_TEAK_3_316000_4097000_image_493",316686.634,4097716.862,316692.435,4097722.714
"2018_TEAK_3_316000_4097000_image_493",316692.019,4097718.515,316696.451,4097722.426
"2018_TEAK_3_316000_4097000_image_493",316692.014,4097715.51,316699.631,4097719.413
"2018_TEAK_3_316000_4097000_image_493",316693.088,4097712.285,316696.824,4097716.425
"2018_TEAK_3_316000_4097000_image_493",316691.09,4097708.526,316694.532,4097714.501
"2018_TEAK_3_316000_4097000_image_493",316685.637,4097712.067,316686.932,4097713.47
"2018_TEAK_3_316000_4097000_image_493",316694.568,4097706.061,316699.495,4097711.866
"2018_TEAK_3_316000_4097000_image_493",316685.706,4097707.178,316687.228,4097709.971
"2018_TEAK_3_316000_4097000_image_493",316689.021,4097706.526,316691.832,4097709.287
"2018_TEAK_3_316000_4097000_image_493",316709.218,4097703.152,316715.466,4097710.241
"2018_TEAK_3_316000_4097000_image_493",316699.099,4097704.558,316703.478,4097707.846
"2018_TEAK_3_316000_4097000_image_493",316694.383,4097703.587,316699.412,4097707.877
"2018_TEAK_3_316000_4097000_image_493",316684.261,4097699.691,316689.448,4097704.993
"2018_TEAK_3_316000_4097000_image_493",316691.043,4097699.528,316694.888,4097705.227
"2018_TEAK_3_316000_4097000_image_493",316703.061,4097698.601,316707.444,4097705.312
"2018_TEAK_3_316000_4097000_image_493",316699.11,4097698.583,316703.471,4097704.969
"2018_TEAK_3_316000_4097000_image_493",316693.53,4097698.18,316699.492,4097703.465
"2018_TEAK_3_316000_4097000_image_493",316688.075,4097696.501,316692.944,4097701.717
"2018_TEAK_3_316000_4097000_image_493",316684.037,4097694.121,316685.986,4097700.751
"2018_TEAK_3_316000_4097000_image_493",316708.044,4097698.503,316710.74,4097701.835
"2018_TEAK_3_316000_4097000_image_493",316685.063,4097696.057,316688.796,4097700.208
"2018_TEAK_3_316000_4097000_image_493",316694.023,4097694.081,316698.406,4097698.961
"2018_TEAK_3_316000_4097000_image_493",316698.689,4097694.057,316705.897,4097698.267
"2018_TEAK_3_316000_4097000_image_493",316688.027,4097694.079,316692.814,4097696.91
"2018_TEAK_3_316000_4097000_image_493",316704.587,4097694.05,316707.801,4097696.868
"2018_TEAK_3_316000_4097000_image_493",316709.097,4097694.065,316713.97,4097697.14
"2018_TEAK_3_317000_4091000_image_139",317192.524,4091808.049,317201.511,4091816.497
"2018_TEAK_3_317000_4091000_image_139",317215.5,4091808.07,317224.451,4091813.98
"2018_TEAK_3_317000_4091000_image_139",317190.019,4091811.325,317196.987,4091819.808
"2018_TEAK_3_317000_4091000_image_139",317196.587,4091812.515,317205.982,4091821.948
"2018_TEAK_3_317000_4091000_image_139",317206.029,4091816.902,317214.976,4091825.454
"2018_TEAK_3_317000_4091000_image_139",317197.009,4091819.009,317205.995,4091825.541
"2018_TEAK_3_317000_4091000_image_139",317219.581,4091819.281,317220.473,4091820.469
"2018_TEAK_3_317000_4091000_image_139",317227.056,4091822.536,317229.998,4091828.998
"2018_TEAK_3_317000_4091000_image_139",317190,4091825.517,317193.451,4091830.063
"2018_TEAK_3_317000_4091000_image_139",317206.052,4091825.503,317215.483,4091834.455
"2018_TEAK_3_317000_4091000_image_139",317193.519,4091827.062,317201.827,4091833.995
"2018_TEAK_3_317000_4091000_image_139",317208,4091832.016,317217.498,4091841.449
"2018_TEAK_3_317000_4091000_image_139",317190.021,4091832.196,317193.785,4091841.432
"2018_TEAK_3_317000_4091000_image_139",317193.009,4091834.022,317202.375,4091841.421
"2018_TEAK_3_317000_4091000_image_139",317223.525,4091837.546,317229.974,4091845.394
"2018_TEAK_3_317000_4091000_image_139",317204.067,4091839.506,317212.983,4091847.913
"2018_TEAK_3_317000_4091000_image_139",317190.076,4091841.004,317196.487,4091847.8
"2018_TEAK_3_317000_4091000_image_139",317223.173,4091847.107,317225.341,4091847.909
"2018_TEAK_3_317000_4105000_image_542",317785.933,4105922.348,317788.989,4105923.94
"2018_TEAK_3_317000_4105000_image_542",317774.647,4105922.557,317777.778,4105923.93
"2018_TEAK_3_317000_4105000_image_542",317760.023,4105918.537,317764.417,4105923.914
"2018_TEAK_3_317000_4105000_image_542",317798.547,4105915.285,317799.991,4105918.241
"2018_TEAK_3_317000_4105000_image_542",317781.133,4105915.105,317784.86,4105918.996
"2018_TEAK_3_317000_4105000_image_542",317798.061,4105912.593,317799.943,4105916.451
"2018_TEAK_3_317000_4105000_image_542",317763.772,4105910.501,317771.499,4105918.997
"2018_TEAK_3_317000_4105000_image_542",317760.002,4105910.527,317763.984,4105918.826
"2018_TEAK_3_317000_4105000_image_542",317773.526,4105910.194,317777.421,4105915.945
"2018_TEAK_3_317000_4105000_image_542",317786.873,4105902.526,317795.976,4105910.998
"2018_TEAK_3_317000_4105000_image_542",317780.139,4105906.651,317785.979,4105911.827
"2018_TEAK_3_317000_4105000_image_542",317771.079,4105906.737,317774.862,4105911.911
"2018_TEAK_3_317000_4105000_image_542",317761.007,4105906.004,317769.306,4105912.989
"2018_TEAK_3_317000_4105000_image_542",317793.076,4105900.141,317799.942,4105907.456
"2018_TEAK_3_317000_4105000_image_542",317760.004,4105903.238,317763.769,4105910.42
"2018_TEAK_3_317000_4105000_image_542",317774.529,4105899.014,317782.923,4105908.076
"2018_TEAK_3_317000_4105000_image_542",317763.744,4105902.547,317769.264,4105908.253
"2018_TEAK_3_317000_4105000_image_542",317779.529,4105897.059,317788.408,4105905.983
"2018_TEAK_3_317000_4105000_image_542",317762.096,4105897.666,317769.414,4105903.987
"2018_TEAK_3_317000_4105000_image_542",317771.926,4105898.029,317774.376,4105900.177
"2018_TEAK_3_317000_4105000_image_542",317760.047,4105891.568,317764.879,4105899.257
"2018_TEAK_3_317000_4105000_image_542",317762.51,4105889.017,317771.971,4105898.487
"2018_TEAK_3_317000_4105000_image_542",317792.539,4105888.016,317799.984,4105896.364
"2018_TEAK_3_317000_4105000_image_542",317797.521,4105884.555,317799.977,4105891.365
"2018_TEAK_3_317000_4105000_image_542",317767.976,4105886.055,317773.868,4105892.466
"2018_TEAK_3_317000_4105000_image_542",317787.052,4105884.193,317792.878,4105890.409
"2018_TEAK_3_317000_4105000_image_542",317794.075,4105884.056,317798.942,4105889.498
"2018_TEAK_3_317000_4105000_image_542",317762.151,4105884.16,317767.798,4105888.993
"2018_TEAK_3_317000_4105000_image_542",317785.005,4105884.098,317791.071,4105886.255
"2018_TEAK_3_317000_4105000_image_542",317783.299,4105884.102,317785.223,4105885.483
"2018_TEAK_3_317000_4105000_image_542",317760.072,4105884.061,317763.733,4105886.95
